-- --------------------------------------------------------
-- Host:                         127.0.0.1
-- Server version:               5.7.31 - MySQL Community Server (GPL)
-- Server OS:                    Win64
-- HeidiSQL Version:             10.2.0.5599
-- --------------------------------------------------------

/*!40101 SET @OLD_CHARACTER_SET_CLIENT=@@CHARACTER_SET_CLIENT */;
/*!40101 SET NAMES utf8 */;
/*!50503 SET NAMES utf8mb4 */;
/*!40014 SET @OLD_FOREIGN_KEY_CHECKS=@@FOREIGN_KEY_CHECKS, FOREIGN_KEY_CHECKS=0 */;
/*!40101 SET @OLD_SQL_MODE=@@SQL_MODE, SQL_MODE='NO_AUTO_VALUE_ON_ZERO' */;


-- Dumping database structure for app_commerciale
CREATE DATABASE IF NOT EXISTS `app_commerciale` /*!40100 DEFAULT CHARACTER SET latin1 */;
USE `app_commerciale`;

-- Dumping structure for table app_commerciale.aaa
CREATE TABLE IF NOT EXISTS `aaa` (
  `ID` int(11) DEFAULT NULL,
  `NAME` varchar(30) DEFAULT NULL
) ENGINE=InnoDB DEFAULT CHARSET=latin1;

-- Dumping data for table app_commerciale.aaa: ~2 rows (approximately)
/*!40000 ALTER TABLE `aaa` DISABLE KEYS */;
REPLACE INTO `aaa` (`ID`, `NAME`) VALUES
	(1, 'SS'),
	(2, 'YY');
/*!40000 ALTER TABLE `aaa` ENABLE KEYS */;

-- Dumping structure for table app_commerciale.account_details
CREATE TABLE IF NOT EXISTS `account_details` (
  `SEQ_ID` int(11) NOT NULL AUTO_INCREMENT,
  `ACCOUNT_OWNER` varchar(20) DEFAULT NULL,
  `ACCOUNT_NUMBER` varchar(20) DEFAULT NULL,
  `ACCOUNT_NAME` varchar(20) DEFAULT NULL,
  `ANNUAL_INCOME` varchar(20) DEFAULT NULL,
  `WEBSITE` varchar(20) DEFAULT NULL,
  `NO_OF_EMPLOYEES` varchar(20) DEFAULT NULL,
  `MOBILE_NUMBER` varchar(20) DEFAULT NULL,
  `ALTERNATE_MOBILENUMBER` varchar(20) DEFAULT NULL,
  `EMAIL` varchar(30) DEFAULT NULL,
  `SECONDARY_EMAIL` varchar(30) DEFAULT NULL,
  `FAX` varchar(20) DEFAULT NULL,
  `ADDRESS_LINE_1` varchar(50) DEFAULT NULL,
  `ADDRESS_LINE_2` varchar(50) DEFAULT NULL,
  `ADDRESS_LINE_3` varchar(30) DEFAULT NULL,
  `ADDRESS_LINE_4` varchar(50) DEFAULT NULL,
  `ADDRESS_LINE_5` varchar(30) DEFAULT NULL,
  `ADDRESS_LINE_6` varchar(20) DEFAULT NULL,
  `ADDRESS_LINE_7` varchar(20) DEFAULT NULL,
  `ADDRESS_LINE_8` varchar(20) DEFAULT NULL,
  `DESCRIPTION` blob,
  `CREATE_DATE` datetime DEFAULT NULL,
  `CREATE_USER` varchar(20) DEFAULT NULL,
  `MODIFY_USER` varchar(20) DEFAULT NULL,
  `MODIFY_DATE` datetime DEFAULT NULL,
  `COMMENT` blob,
  `MVNOID` int(11) DEFAULT NULL,
  `STATUS` int(11) DEFAULT NULL,
  `USER_TEAM_ID` int(11) DEFAULT NULL,
  `ACCOUNT_TYPE` int(11) DEFAULT NULL COMMENT 'connected to lead owner table',
  `clmn_1` varchar(20) DEFAULT NULL,
  `clmn_2` varchar(20) DEFAULT NULL,
  `clmn_3` varchar(20) DEFAULT NULL,
  `clmn_4` varchar(20) DEFAULT NULL,
  `clmn_5` varchar(20) DEFAULT NULL,
  `clmn_6` varchar(20) DEFAULT NULL,
  `clmn_7` varchar(20) DEFAULT NULL,
  `clmn_8` varchar(20) DEFAULT NULL,
  `clmn_9` varchar(20) DEFAULT NULL,
  `clmn_10` varchar(20) DEFAULT NULL,
  `clmn_11` varchar(20) DEFAULT NULL,
  `clmn_12` varchar(20) DEFAULT NULL,
  `clmn_13` varchar(20) DEFAULT NULL,
  `clmn_14` varchar(20) DEFAULT NULL,
  `clmn_15` varchar(20) DEFAULT NULL,
  `clmn_16` varchar(20) DEFAULT NULL,
  `clmn_17` varchar(20) DEFAULT NULL,
  `clmn_18` varchar(20) DEFAULT NULL,
  `clmn_19` varchar(20) DEFAULT NULL,
  `clmn_20` varchar(20) DEFAULT NULL,
  `clmn_21` varchar(20) DEFAULT NULL,
  `clmn_22` varchar(20) DEFAULT NULL,
  `clmn_23` varchar(20) DEFAULT NULL,
  `clmn_24` varchar(20) DEFAULT NULL,
  `clmn_25` varchar(20) DEFAULT NULL,
  `clmn_26` varchar(20) DEFAULT NULL,
  `clmn_27` varchar(20) DEFAULT NULL,
  `clmn_28` varchar(20) DEFAULT NULL,
  `clmn_29` varchar(20) DEFAULT NULL,
  `clmn_30` varchar(20) DEFAULT NULL,
  `clmn_31` varchar(20) DEFAULT NULL,
  `clmn_32` varchar(20) DEFAULT NULL,
  `clmn_33` varchar(20) DEFAULT NULL,
  `clmn_34` varchar(20) DEFAULT NULL,
  `clmn_35` varchar(20) DEFAULT NULL,
  `clmn_36` varchar(20) DEFAULT NULL,
  `clmn_37` varchar(20) DEFAULT NULL,
  `clmn_38` varchar(20) DEFAULT NULL,
  `clmn_39` varchar(20) DEFAULT NULL,
  `clmn_40` varchar(20) DEFAULT NULL,
  `clmn_41` varchar(20) DEFAULT NULL,
  `clmn_42` varchar(20) DEFAULT NULL,
  `clmn_43` varchar(20) DEFAULT NULL,
  `clmn_44` varchar(20) DEFAULT NULL,
  `clmn_45` varchar(20) DEFAULT NULL,
  `clmn_46` varchar(20) DEFAULT NULL,
  `clmn_47` varchar(20) DEFAULT NULL,
  `clmn_48` varchar(20) DEFAULT NULL,
  `clmn_49` varchar(20) DEFAULT NULL,
  `clmn_50` varchar(20) DEFAULT NULL,
  PRIMARY KEY (`SEQ_ID`)
) ENGINE=InnoDB AUTO_INCREMENT=31 DEFAULT CHARSET=latin1;

-- Dumping data for table app_commerciale.account_details: ~3 rows (approximately)
/*!40000 ALTER TABLE `account_details` DISABLE KEYS */;
REPLACE INTO `account_details` (`SEQ_ID`, `ACCOUNT_OWNER`, `ACCOUNT_NUMBER`, `ACCOUNT_NAME`, `ANNUAL_INCOME`, `WEBSITE`, `NO_OF_EMPLOYEES`, `MOBILE_NUMBER`, `ALTERNATE_MOBILENUMBER`, `EMAIL`, `SECONDARY_EMAIL`, `FAX`, `ADDRESS_LINE_1`, `ADDRESS_LINE_2`, `ADDRESS_LINE_3`, `ADDRESS_LINE_4`, `ADDRESS_LINE_5`, `ADDRESS_LINE_6`, `ADDRESS_LINE_7`, `ADDRESS_LINE_8`, `DESCRIPTION`, `CREATE_DATE`, `CREATE_USER`, `MODIFY_USER`, `MODIFY_DATE`, `COMMENT`, `MVNOID`, `STATUS`, `USER_TEAM_ID`, `ACCOUNT_TYPE`, `clmn_1`, `clmn_2`, `clmn_3`, `clmn_4`, `clmn_5`, `clmn_6`, `clmn_7`, `clmn_8`, `clmn_9`, `clmn_10`, `clmn_11`, `clmn_12`, `clmn_13`, `clmn_14`, `clmn_15`, `clmn_16`, `clmn_17`, `clmn_18`, `clmn_19`, `clmn_20`, `clmn_21`, `clmn_22`, `clmn_23`, `clmn_24`, `clmn_25`, `clmn_26`, `clmn_27`, `clmn_28`, `clmn_29`, `clmn_30`, `clmn_31`, `clmn_32`, `clmn_33`, `clmn_34`, `clmn_35`, `clmn_36`, `clmn_37`, `clmn_38`, `clmn_39`, `clmn_40`, `clmn_41`, `clmn_42`, `clmn_43`, `clmn_44`, `clmn_45`, `clmn_46`, `clmn_47`, `clmn_48`, `clmn_49`, `clmn_50`) VALUES
	(1, '1', '1517581603766', 'DOMESTIC', NULL, '', NULL, '8147239101', '4535435435', 'er@ss.com', NULL, '', '', '', '', '', '', '', '', NULL, NULL, '2018-02-02 19:57:00', '1', '1', '2018-04-06 16:22:00', NULL, 200, NULL, 1, 1, NULL, NULL, NULL, NULL, NULL, NULL, NULL, NULL, NULL, NULL, NULL, NULL, NULL, NULL, NULL, NULL, NULL, NULL, NULL, NULL, NULL, NULL, NULL, NULL, NULL, NULL, NULL, NULL, NULL, NULL, NULL, NULL, NULL, NULL, NULL, NULL, NULL, NULL, NULL, NULL, NULL, NULL, NULL, NULL, NULL, NULL, NULL, NULL, NULL, NULL),
	(29, '1', '1560439335288', 'hhh', NULL, NULL, NULL, '4567890987', '4567890987', 'abc@gmail.com', 'abc@gmail.com', '', 'ffff', 'lllllp', 'ffffff', '10201', '25522', 'ffffff', NULL, NULL, NULL, '2019-06-13 15:23:32', '1', NULL, NULL, NULL, 200, NULL, 1, 2, NULL, NULL, NULL, NULL, NULL, NULL, NULL, NULL, NULL, NULL, NULL, NULL, NULL, NULL, NULL, NULL, NULL, NULL, NULL, NULL, NULL, NULL, NULL, NULL, NULL, NULL, NULL, NULL, NULL, NULL, NULL, NULL, NULL, NULL, NULL, NULL, NULL, NULL, NULL, NULL, NULL, NULL, NULL, NULL, NULL, NULL, NULL, NULL, NULL, NULL),
	(30, '1', '1564074036537', 'Test Account', NULL, NULL, NULL, '91988645906', NULL, 'sathishdoijode@gmail.com', 'sathishdoijode@gmail.com', '', 'Bagm', 'C V Raman Nagar', '7/5, 301', '10201', '56009', NULL, NULL, NULL, _binary 0xC2ACC3AD00057400056173646164, '2019-07-25 17:01:32', '1', NULL, NULL, _binary 0xC2ACC3AD000574000464666466, 200, NULL, 1, 1, NULL, NULL, NULL, NULL, NULL, NULL, NULL, NULL, NULL, NULL, NULL, NULL, NULL, NULL, NULL, NULL, NULL, NULL, NULL, NULL, NULL, NULL, NULL, NULL, NULL, NULL, NULL, NULL, NULL, NULL, NULL, NULL, NULL, NULL, NULL, NULL, NULL, NULL, NULL, NULL, NULL, NULL, NULL, NULL, NULL, NULL, NULL, NULL, NULL, NULL);
/*!40000 ALTER TABLE `account_details` ENABLE KEYS */;

-- Dumping structure for table app_commerciale.achat
CREATE TABLE IF NOT EXISTS `achat` (
  `ACH_ID` int(11) NOT NULL AUTO_INCREMENT,
  `ACH_CODE` varchar(50) DEFAULT NULL,
  `ACH_FOURN` int(11) DEFAULT NULL,
  `ACH_COMMENT` text,
  `ACH_MONTANT_TOTAL` int(11) DEFAULT NULL,
  `ACH_CREATED` timestamp NULL DEFAULT CURRENT_TIMESTAMP ON UPDATE CURRENT_TIMESTAMP,
  `ACH_REMISE` int(11) DEFAULT NULL,
  `ACH_TRASHED` int(11) DEFAULT NULL,
  `ACH_A_PAYER` int(11) DEFAULT NULL,
  `ACH_MAGASIN` int(11) DEFAULT NULL,
  KEY `PRIMARY_KEY` (`ACH_ID`)
) ENGINE=InnoDB AUTO_INCREMENT=7 DEFAULT CHARSET=latin1;

-- Dumping data for table app_commerciale.achat: ~4 rows (approximately)
/*!40000 ALTER TABLE `achat` DISABLE KEYS */;
REPLACE INTO `achat` (`ACH_ID`, `ACH_CODE`, `ACH_FOURN`, `ACH_COMMENT`, `ACH_MONTANT_TOTAL`, `ACH_CREATED`, `ACH_REMISE`, `ACH_TRASHED`, `ACH_A_PAYER`, `ACH_MAGASIN`) VALUES
	(3, NULL, 1, NULL, 2500000, '2019-10-12 09:08:39', 0, NULL, 2500000, NULL),
	(4, NULL, 1, NULL, 250000, '2019-10-12 09:10:07', 0, NULL, 250000, NULL),
	(5, NULL, 1, NULL, 22500, '2019-10-19 21:57:26', 2250, NULL, 20250, 1),
	(6, NULL, 1, NULL, 5555000, '2019-10-28 21:53:32', 0, NULL, 5555000, 1);
/*!40000 ALTER TABLE `achat` ENABLE KEYS */;

-- Dumping structure for table app_commerciale.activation_approver_mapping
CREATE TABLE IF NOT EXISTS `activation_approver_mapping` (
  `seq_id` int(11) NOT NULL AUTO_INCREMENT,
  `activation_Id` varchar(20) DEFAULT NULL,
  `approver_id` int(11) DEFAULT NULL,
  `status` int(11) DEFAULT NULL COMMENT '0:pending|1:approved',
  `create_user` varchar(20) DEFAULT NULL,
  `create_date` datetime DEFAULT NULL,
  `approved_user` varchar(20) DEFAULT NULL,
  `approved_date` datetime DEFAULT NULL,
  PRIMARY KEY (`seq_id`)
) ENGINE=InnoDB AUTO_INCREMENT=4 DEFAULT CHARSET=latin1;

-- Dumping data for table app_commerciale.activation_approver_mapping: ~3 rows (approximately)
/*!40000 ALTER TABLE `activation_approver_mapping` DISABLE KEYS */;
REPLACE INTO `activation_approver_mapping` (`seq_id`, `activation_Id`, `approver_id`, `status`, `create_user`, `create_date`, `approved_user`, `approved_date`) VALUES
	(1, '21', 11, 0, '1', '2017-01-17 19:16:10', NULL, NULL),
	(2, '13', 11, 0, '1', '2017-02-09 19:59:45', NULL, NULL),
	(3, '12', 11, 0, '1', '2017-02-10 16:21:00', NULL, NULL);
/*!40000 ALTER TABLE `activation_approver_mapping` ENABLE KEYS */;

-- Dumping structure for table app_commerciale.activity_details
CREATE TABLE IF NOT EXISTS `activity_details` (
  `SEQ_ID` int(11) NOT NULL AUTO_INCREMENT,
  `SALES_LEAD_ID` int(11) DEFAULT NULL,
  `CONTACT_ID` int(11) DEFAULT NULL,
  `OPPORTUNITY_ID` int(11) DEFAULT NULL,
  `TYPE` varchar(30) DEFAULT NULL,
  `ACTIVITY` varchar(30) NOT NULL,
  `SUBJECT` varchar(200) NOT NULL,
  `DESCRIPTION` blob,
  `EVENT_DATE` datetime NOT NULL,
  `MOBILE_NUMBER` varchar(20) DEFAULT NULL,
  `DIRECTION` varchar(20) DEFAULT NULL,
  `CALL_DURATION` varchar(40) DEFAULT NULL,
  `EMAIL` varchar(40) DEFAULT NULL,
  `PLACE` varchar(50) DEFAULT NULL,
  `CREATE_DATE` datetime NOT NULL,
  `CREATE_USER` varchar(20) DEFAULT NULL,
  `MODIFY_DATE` datetime DEFAULT NULL,
  `MODIFY_USER` varchar(20) DEFAULT NULL,
  `COMMENT` blob,
  `ATTACHED_FILES` blob,
  `EMAIL_CONTENT` blob,
  PRIMARY KEY (`SEQ_ID`)
) ENGINE=InnoDB AUTO_INCREMENT=311 DEFAULT CHARSET=latin1;

-- Dumping data for table app_commerciale.activity_details: ~244 rows (approximately)
/*!40000 ALTER TABLE `activity_details` DISABLE KEYS */;
REPLACE INTO `activity_details` (`SEQ_ID`, `SALES_LEAD_ID`, `CONTACT_ID`, `OPPORTUNITY_ID`, `TYPE`, `ACTIVITY`, `SUBJECT`, `DESCRIPTION`, `EVENT_DATE`, `MOBILE_NUMBER`, `DIRECTION`, `CALL_DURATION`, `EMAIL`, `PLACE`, `CREATE_DATE`, `CREATE_USER`, `MODIFY_DATE`, `MODIFY_USER`, `COMMENT`, `ATTACHED_FILES`, `EMAIL_CONTENT`) VALUES
	(14, 45, 0, 0, 'SALES_LEAD', 'CALL', 'Test called', _binary 0x546573742063616C6C, '0009-10-24 00:00:00', '888888888', 'Incoming', '543', NULL, NULL, '2016-07-24 19:46:20', '', '2016-07-25 19:47:10', '1', NULL, NULL, NULL),
	(15, 45, 0, 0, 'SALES_LEAD', 'SMS', 'Test smsed', _binary 0x736D73206465736372697074696F6E, '0007-08-01 00:00:00', '898998977', 'OutGoing', NULL, NULL, NULL, '2016-07-24 19:48:47', '', '2016-07-25 19:46:14', '1', NULL, NULL, NULL),
	(16, 45, 0, 0, 'SALES_LEAD', 'EMAIL', 'email subed', _binary 0x656D61696C206465736372697074696F6E, '0007-08-01 00:00:00', NULL, 'OutGoing', NULL, 'ad@g.com', NULL, '2016-07-24 20:05:24', '1', '2016-07-25 19:46:36', '1', NULL, NULL, NULL),
	(17, 45, 0, 0, 'SALES_LEAD', 'MEETING', 'test meeted', _binary 0x74657374206D656574206465736370, '0007-08-01 00:00:00', NULL, NULL, NULL, NULL, 'dubaiyil', '2016-07-24 20:13:51', '1', '2016-07-24 20:24:52', '1', NULL, NULL, NULL),
	(18, 41, 0, 0, 'SALES_LEAD', 'SMS', 'test sms', NULL, '2016-07-25 00:00:00', '97655765767', 'OutGoing', NULL, NULL, NULL, '2016-07-25 09:59:55', '1', '2016-07-25 19:54:36', '1', NULL, NULL, NULL),
	(19, 45, 0, 0, 'SALES_LEAD', 'MEETING', 'test sdds', NULL, '2016-07-25 00:00:00', NULL, NULL, NULL, NULL, 'sdafsdfdfdf', '2016-07-25 10:10:00', '1', NULL, NULL, NULL, NULL, NULL),
	(20, 45, 0, 0, 'SALES_LEAD', 'EMAIL', 'testd', NULL, '2016-07-25 00:00:00', NULL, 'Incoming', NULL, 'asd@gmail', NULL, '2016-07-25 10:24:05', '1', NULL, NULL, NULL, NULL, NULL),
	(21, 45, 0, 0, 'SALES_LEAD', 'SMS', 'test sms', NULL, '2016-07-23 18:09:00', '865654656', 'Incoming', NULL, NULL, NULL, '2016-07-25 10:48:43', '1', NULL, NULL, NULL, NULL, NULL),
	(22, 45, 0, 0, 'SALES_LEAD', 'SMS', 'mod sms sub', _binary 0x6D6F6420736D732064657363, '2016-07-19 12:15:00', '9865464656', 'Incoming', NULL, NULL, NULL, '2016-07-25 15:43:14', '1', '2016-07-25 17:36:18', '1', NULL, NULL, NULL),
	(23, 45, 0, 0, 'SALES_LEAD', 'SMS', 'test sms 22', _binary 0x7465737420736D732064657363702032, '2016-07-07 17:08:00', '866556722', 'Incoming', NULL, NULL, NULL, '2016-07-25 15:46:43', '1', '2016-08-04 17:37:00', '1', NULL, NULL, NULL),
	(24, 41, 0, 0, 'SALES_LEAD', 'CALL', 'mod call sub222', _binary 0x6D6F642063616C6C323232, '2016-02-22 02:22:00', '95767657222', 'Incoming', '123222', NULL, NULL, '2016-07-25 15:48:50', '1', '2016-07-25 19:43:11', '1', NULL, NULL, NULL),
	(25, 41, 0, 0, 'SALES_LEAD', 'CALL', 'test sub 2', _binary 0x746573742064657363702063616C6C, '2016-07-18 12:13:00', '9867868678', 'Incoming', '1', NULL, NULL, '2016-07-25 15:52:38', '1', '2016-07-25 19:36:09', '1', NULL, NULL, NULL),
	(26, 41, 0, 0, 'SALES_LEAD', 'EMAIL', 'test email sub', NULL, '2016-07-25 12:13:00', NULL, 'Incoming', NULL, 'test@gmail', NULL, '2016-07-25 15:56:27', '1', '2016-07-25 19:32:59', '1', NULL, NULL, NULL),
	(27, 41, 0, 0, 'SALES_LEAD', 'EMAIL', 'test email sub2', _binary 0x7465737420656D61696C206465736370, '2016-07-22 16:17:00', NULL, 'OutGoing', NULL, 'ad@gh', NULL, '2016-07-25 15:57:35', '1', '2016-07-25 19:54:27', '1', NULL, NULL, NULL),
	(28, 41, 0, 0, 'SALES_LEAD', 'MEETING', 'test meet sub', NULL, '2016-07-24 10:27:00', NULL, NULL, NULL, NULL, 'dubai', '2016-07-25 15:59:11', '1', NULL, NULL, NULL, NULL, NULL),
	(29, 41, 0, 0, 'SALES_LEAD', 'MEETING', 'test sub meet', _binary 0x74657374206D656574206465736370, '2016-07-13 23:10:00', NULL, NULL, NULL, NULL, 'goa', '2016-07-25 16:00:17', '1', '2016-07-25 17:49:57', '1', NULL, NULL, NULL),
	(30, 45, 0, 0, 'SALES_LEAD', 'MEETING', 'dsfsdf', NULL, '2016-07-13 00:00:00', NULL, NULL, NULL, NULL, 'test', '2016-07-25 17:50:40', '1', NULL, NULL, NULL, NULL, NULL),
	(31, 45, 0, 0, 'SALES_LEAD', 'EMAIL', 'test sub2', _binary 0x74657374206465736370206E6F7732, '2016-07-06 00:00:00', NULL, 'Incoming', NULL, 'sad@sdad2', NULL, '2016-07-25 17:50:59', '1', '2016-08-04 17:41:20', '1', NULL, NULL, NULL),
	(32, 41, 0, 0, 'SALES_LEAD', 'CALL', 'test call', _binary 0x6473667364667366, '2016-07-12 00:00:00', '85655757576', 'OutGoing', '234', NULL, NULL, '2016-07-25 19:51:46', '1', '2016-07-25 19:54:17', '1', NULL, NULL, NULL),
	(35, 48, 0, 0, 'SALES_LEAD', 'SMS', 'sms sub22', _binary 0x736D732064657363703232, '2016-07-28 00:00:00', '8565422222', 'OutGoing', NULL, NULL, NULL, '2016-07-28 21:38:13', '1', '2016-07-28 22:13:11', '1', NULL, NULL, NULL),
	(36, 48, 0, 0, 'SALES_LEAD', 'CALL', 'call sub2', _binary 0x63616C6C20646573637032, '2016-07-28 00:00:00', '8566222222', 'OutGoing', '62222', NULL, NULL, '2016-07-28 21:38:47', '1', '2016-07-28 22:13:36', '1', NULL, NULL, NULL),
	(37, 48, 0, 0, 'SALES_LEAD', 'EMAIL', 'email sub', _binary 0x656D61696C206465736370, '2016-07-12 00:00:00', NULL, 'Incoming', NULL, 'troll@gmo.com', NULL, '2016-07-28 21:39:28', '1', NULL, NULL, NULL, NULL, NULL),
	(38, 48, 0, 0, 'SALES_LEAD', 'EMAIL', 'email sub2', _binary 0x656D61696C20646573637032, '2016-07-12 00:00:00', NULL, 'Incoming', NULL, 'tr22l@gmo.com', NULL, '2016-07-28 21:39:28', '1', '2016-07-28 22:14:06', '1', NULL, NULL, NULL),
	(39, 48, 0, 0, 'SALES_LEAD', 'MEETING', 'meet sub2', _binary 0x6D65657420646573637032, '2016-07-29 00:12:00', NULL, NULL, NULL, NULL, 'delhi2', '2016-07-28 21:40:35', '1', '2016-08-01 13:46:55', '1', NULL, NULL, NULL),
	(40, 0, 10, 0, 'CONTACT', 'SMS', 'sms cnt sub2', _binary 0x736D7320636E7420646573637032, '2016-07-19 00:00:00', '86785422222', 'OutGoing', NULL, NULL, NULL, '2016-07-28 22:20:51', '1', '2016-07-28 22:29:47', '1', NULL, NULL, NULL),
	(41, 0, 10, 0, 'CONTACT', 'CALL', 'call cnt sub2', _binary 0x63616C6C20646573637020636E7432, '2016-07-12 00:00:00', '85456522', 'OutGoing', '856222', NULL, NULL, '2016-07-28 22:21:45', '1', '2016-07-28 22:29:59', '1', NULL, NULL, NULL),
	(42, 0, 10, 0, 'CONTACT', 'EMAIL', 'email cnt sub2', _binary 0x656D61696C20636E742064657377637032, '2016-07-06 00:00:00', NULL, 'Incoming', NULL, 'cnt@df2', NULL, '2016-07-28 22:22:48', '1', '2016-07-28 22:30:08', '1', NULL, NULL, NULL),
	(43, 0, 10, 0, 'CONTACT', 'MEETING', 'meet cnt sub2', _binary 0x6D6565746320636E7420646573637032, '2016-07-02 00:00:00', NULL, NULL, NULL, NULL, 'jodha2', '2016-07-28 22:23:23', '1', '2016-07-28 22:30:14', '1', NULL, NULL, NULL),
	(44, 49, 0, 0, 'SALES_LEAD', 'SMS', 'VIOP 399', _binary 0x53656E6420534D53206F6E207468652070726F6D6F74696F6E206F6620564F495020333939, '2016-08-02 08:10:00', '8951642437', 'OutGoing', NULL, NULL, NULL, '2016-08-03 15:47:55', '1', NULL, NULL, NULL, NULL, NULL),
	(45, 49, 0, 0, 'SALES_LEAD', 'CALL', 'Called for ', _binary 0x63616C6C65642074686520637573746F6D657220746F206765742074686520666565646261636B206F662033707020564F4950, '2016-08-03 00:00:00', '8951642437', 'OutGoing', '80', NULL, NULL, '2016-08-03 15:59:48', '1', NULL, NULL, NULL, NULL, NULL),
	(46, 49, 0, 0, 'SALES_LEAD', 'EMAIL', 'emailed the benefits of RPP 399 plan', _binary 0x656D61696C6564207468652062656E6566697473206F66205250502033393920706C616E20, '2016-08-03 00:00:00', NULL, 'OutGoing', NULL, 'ullas.mbbs@yahoo.co.in', NULL, '2016-08-03 16:03:13', '1', NULL, NULL, NULL, NULL, NULL),
	(47, 49, 0, 0, 'SALES_LEAD', 'MEETING', 'meeting at 4pm', _binary 0x4A50206E6167617220337264207068617365206E65676F74696174696F6E206D656574696E67, '2016-08-03 00:00:00', NULL, NULL, NULL, NULL, 'bangalore office', '2016-08-03 16:03:51', '1', NULL, NULL, NULL, NULL, NULL),
	(48, 0, 11, 0, 'CONTACT', 'SMS', 'contact SMS', _binary 0x646573632D636F6E7461637420534D53, '2016-08-03 00:00:00', '8951642437', 'Incoming', NULL, NULL, NULL, '2016-08-03 17:35:01', '1', NULL, NULL, NULL, NULL, NULL),
	(49, 0, 11, 0, 'CONTACT', 'SMS', 'contact SMS subj2', _binary 0x646573632D636F6E7461637420534D532032, '2016-08-03 00:00:00', '8951642437', 'OutGoing', NULL, NULL, NULL, '2016-08-03 17:36:41', '1', NULL, NULL, NULL, NULL, NULL),
	(50, 45, 0, 0, 'SALES_LEAD', 'SMS', 'test sms', NULL, '2016-08-04 00:00:00', '564321789021', 'Incoming', NULL, NULL, NULL, '2016-08-04 19:06:45', '1', NULL, NULL, NULL, NULL, NULL),
	(51, 45, 0, 0, 'SALES_LEAD', 'CALL', 'test call', NULL, '2016-08-01 00:00:00', '564321789021', 'OutGoing', NULL, NULL, NULL, '2016-08-04 19:07:36', '1', NULL, NULL, NULL, NULL, NULL),
	(52, 0, 10, 0, 'CONTACT', 'EMAIL', 'test email', NULL, '2016-08-04 00:00:00', NULL, 'Incoming', NULL, 'sd@s.com', NULL, '2016-08-04 19:08:09', '1', NULL, NULL, NULL, NULL, NULL),
	(53, 40, 0, 0, 'SALES_LEAD', 'SMS', 'asdsadad', NULL, '2016-08-04 00:00:00', '564646456465', 'Incoming', NULL, NULL, NULL, '2016-08-04 19:17:11', '', NULL, NULL, NULL, NULL, NULL),
	(54, 0, 0, 1, 'OPPORTUNITY', 'SMS', 'opp sms sub2', _binary 0x6F707020736D7320646573637032, '2016-08-03 00:00:00', '754888888', 'Incoming', NULL, NULL, NULL, '2016-08-04 21:04:15', '1', '2016-08-04 21:07:49', '1', NULL, NULL, NULL),
	(55, 0, 0, 1, 'OPPORTUNITY', 'CALL', 'opp call sub', NULL, '2016-08-02 00:00:00', '765764565464', 'OutGoing', NULL, NULL, NULL, '2016-08-04 21:06:24', '1', NULL, NULL, NULL, NULL, NULL),
	(56, 50, 0, 0, 'SALES_LEAD', 'EMAIL', 'DDDDDDD', NULL, '2016-08-04 00:00:00', NULL, 'Incoming', NULL, 's@s.com', NULL, '2016-08-05 11:03:49', '1', NULL, NULL, NULL, NULL, NULL),
	(57, 53, 0, 0, 'SALES_LEAD', 'SMS', 'test sms sub2', NULL, '2016-08-03 00:00:00', '950076849494', 'OutGoing', NULL, NULL, NULL, '2016-08-05 12:25:12', '1', '2016-08-05 12:26:05', '1', NULL, NULL, NULL),
	(58, 0, 13, 0, 'CONTACT', 'CALL', 'test call cnt sub', NULL, '2016-08-03 00:00:00', '950076849494', 'OutGoing', NULL, NULL, NULL, '2016-08-05 12:49:52', '1', NULL, NULL, NULL, NULL, NULL),
	(59, 0, 13, 0, 'CONTACT', 'EMAIL', 'testtt22', NULL, '2016-08-01 00:00:00', NULL, 'Incoming', NULL, 'sachez64@gmail.com', NULL, '2016-08-05 12:55:29', '1', '2016-08-05 12:56:16', '1', NULL, NULL, NULL),
	(60, 42, 0, 0, 'SALES_LEAD', 'SMS', 'Send SMS for ', _binary 0x4465736372697074696F6E, '2016-08-03 00:00:00', '918951642434', 'Incoming', NULL, NULL, NULL, '2016-08-05 13:44:55', '1', NULL, NULL, NULL, NULL, NULL),
	(61, 0, 0, 4, 'OPPORTUNITY', 'SMS', 'sms opp sub2', NULL, '2016-08-05 00:00:00', '75854653453', 'Incoming', NULL, NULL, NULL, '2016-08-05 17:32:43', '1', '2016-08-05 17:33:42', '1', NULL, NULL, NULL),
	(62, 45, 0, 0, 'SALES_LEAD', 'SMS', 'test sms comm sub', NULL, '2016-08-05 00:00:00', '564321789021', 'Incoming', NULL, NULL, NULL, '2016-08-05 20:01:02', '1', '2016-08-05 20:01:46', '1', _binary 0x7465737420736D7320636F6D6D32, NULL, NULL),
	(63, 45, 0, 0, 'SALES_LEAD', 'CALL', 'test call comm sub', NULL, '2016-08-05 00:00:00', '564321789021', 'Incoming', NULL, NULL, NULL, '2016-08-05 20:02:21', '1', '2016-08-05 20:02:29', '1', _binary 0x746573742063616C6C20636F6D6D32, NULL, NULL),
	(64, 45, 0, 0, 'SALES_LEAD', 'EMAIL', 'test email comm sub', NULL, '2016-08-05 00:00:00', NULL, 'Incoming', NULL, 'sd@s.com', NULL, '2016-08-05 20:02:53', '1', '2016-08-05 20:03:00', '1', _binary 0x7465737420656D61696C20636F6D6D32, NULL, NULL),
	(65, 45, 0, 0, 'SALES_LEAD', 'MEETING', 'test meet comm sub', NULL, '2016-08-05 00:00:00', NULL, NULL, NULL, NULL, 'dubai', '2016-08-05 20:03:33', '1', '2016-08-05 20:03:42', '1', _binary 0x74657374206D65657420636F6D6D32, NULL, NULL),
	(66, 0, 0, 1, 'OPPORTUNITY', 'SMS', 'opp call2', _binary 0x74657374206465736332, '2016-08-08 00:00:00', '232323232322', 'Incoming', NULL, NULL, NULL, '2016-08-08 19:19:23', '1', '2016-08-08 19:20:56', '1', _binary 0x6F70702063616C6C20636F6D6D32, NULL, NULL),
	(67, 56, 0, 0, 'SALES_LEAD', 'CALL', 'CALLING SUBSCRIBER', NULL, '2016-08-17 00:00:00', '123412341244', 'OutGoing', NULL, NULL, NULL, '2016-08-17 17:41:29', '1', '2016-08-17 17:43:58', '1', NULL, NULL, NULL),
	(68, 62, 0, 0, 'SALES_LEAD', 'SMS', 'Test act', _binary 0x74657374206465736370, '2016-10-05 00:00:00', '956333338756', 'Incoming', NULL, NULL, NULL, '2016-10-05 16:11:19', '1', '2016-10-05 16:13:10', '1', _binary 0x6466, NULL, NULL),
	(69, 62, 0, 0, 'SALES_LEAD', 'SMS', 'sdadasd', _binary 0x736164736164736164, '2016-10-05 00:00:00', '540601000445', 'Incoming', NULL, NULL, NULL, '2016-10-05 16:13:27', '1', '2016-10-05 16:30:52', '1', NULL, NULL, NULL),
	(70, 0, 18, 0, 'CONTACT', 'SMS', 'Test sub', NULL, '2016-10-05 00:00:00', '98852872', 'Incoming', NULL, NULL, NULL, '2016-10-05 18:34:47', '1', '2016-10-05 18:35:09', '1', NULL, NULL, NULL),
	(71, 0, 0, 9, 'OPPORTUNITY', 'SMS', 'test sub', NULL, '2016-10-05 00:00:00', '9885287207', 'Incoming', NULL, NULL, NULL, '2016-10-05 19:44:11', '1', '2016-10-05 19:44:16', '1', NULL, NULL, NULL),
	(72, 66, 0, 0, 'SALES_LEAD', 'SMS', 'sadsadasds', NULL, '2016-10-13 00:00:00', '9834287207', 'Incoming', NULL, NULL, NULL, '2016-10-13 16:35:15', '1', NULL, NULL, NULL, NULL, NULL),
	(73, 69, 0, 0, 'SALES_LEAD', 'SMS', 'sdadwqe', NULL, '2016-10-13 00:00:00', '5406010224', 'Incoming', NULL, NULL, NULL, '2016-10-13 17:38:00', '1', NULL, NULL, NULL, NULL, NULL),
	(74, 0, 26, 0, 'CONTACT', 'SMS', 'Send SMS with price', _binary 0x53656E6420534D532077697468207072696365, '2016-10-26 00:00:00', '8951642434', 'Incoming', NULL, NULL, NULL, '2016-10-26 09:18:51', '1', NULL, NULL, _binary 0x53656E6420534D532077697468207072696365, NULL, NULL),
	(75, 0, 26, 0, 'CONTACT', 'CALL', 'Called customer to explain offers', _binary 0x43616C6C656420637573746F6D657220746F206578706C61696E206F6666657273, '2016-10-26 00:00:00', '8951642434', 'Incoming', '70', NULL, NULL, '2016-10-26 09:19:35', '1', NULL, NULL, _binary 0x43616C6C656420637573746F6D657220746F206578706C61696E206F6666657273, NULL, NULL),
	(76, 0, 26, 0, 'CONTACT', 'EMAIL', 'emailed customer to explain offers', _binary 0x656D61696C656420637573746F6D657220746F206578706C61696E206F6666657273, '2016-10-26 00:00:00', NULL, 'Incoming', NULL, 'ullas.mbbs@gmail.com', NULL, '2016-10-26 09:19:59', '1', NULL, NULL, _binary 0x656D61696C656420637573746F6D657220746F206578706C61696E206F6666657273, NULL, NULL),
	(77, 0, 26, 0, 'CONTACT', 'MEETING', 'met customer to explain offers', _binary 0x6D657420637573746F6D657220746F206578706C61696E206F6666657273, '2016-10-26 00:00:00', NULL, NULL, NULL, NULL, 'Phnoem peh', '2016-10-26 09:20:35', '1', NULL, NULL, _binary 0x6D657420637573746F6D657220746F206578706C61696E206F6666657273, NULL, NULL),
	(78, 0, 0, 19, 'OPPORTUNITY', 'SMS', 'SMSSMS', _binary 0x534D53534D53534D53, '2016-10-26 00:00:00', '8951642434', 'Incoming', NULL, NULL, NULL, '2016-10-26 09:37:52', '1', NULL, NULL, _binary 0x534D53534D53534D53534D53534D53534D53, NULL, NULL),
	(79, 73, 0, 0, 'SALES_LEAD', 'SMS', 'testeweqw', _binary 0x71776577716571776571, '2016-11-21 00:00:00', '8951642434', 'Incoming', NULL, NULL, NULL, '2016-11-21 13:07:31', '1', NULL, NULL, NULL, NULL, NULL),
	(80, 73, 0, 0, 'SALES_LEAD', 'SMS', 'teast2eqweqwe', _binary 0x776572776572776572, '2016-11-21 00:00:00', '8951642434', 'Incoming', NULL, NULL, NULL, '2016-11-21 13:20:00', '1', NULL, NULL, _binary 0x776572776572, NULL, NULL),
	(81, 73, 0, 0, 'SALES_LEAD', 'SMS', 'testeweqw', NULL, '2016-11-21 00:00:00', '8951642434', 'Incoming', NULL, NULL, NULL, '2016-11-21 13:44:32', '1', '2016-11-21 13:48:14', '1', NULL, NULL, NULL),
	(82, 79, 0, 0, 'SALES_LEAD', 'SMS', 'testeweqw', NULL, '2016-11-21 00:00:00', '8789878966', 'Incoming', NULL, NULL, NULL, '2016-11-21 16:19:42', '1', NULL, NULL, NULL, NULL, NULL),
	(83, 79, 0, 0, 'SALES_LEAD', 'SMS', 'testeweqw', NULL, '2016-11-21 00:00:00', '8789878966', 'Incoming', NULL, NULL, NULL, '2016-11-21 16:20:46', '1', NULL, NULL, NULL, NULL, NULL),
	(84, 79, 0, 0, 'SALES_LEAD', 'SMS', 'tests', NULL, '2016-11-21 00:00:00', '8789878966', 'Incoming', NULL, NULL, NULL, '2016-11-21 16:26:01', '1', NULL, NULL, NULL, NULL, NULL),
	(85, 79, 0, 0, 'SALES_LEAD', 'SMS', 'TestActivity', NULL, '2016-11-16 00:00:00', '8789878966', 'OutGoing', NULL, NULL, NULL, '2016-11-21 16:26:18', '1', '2016-11-21 16:26:26', '1', NULL, NULL, NULL),
	(86, 79, 0, 0, 'SALES_LEAD', 'SMS', 'Activitys', NULL, '2016-11-17 00:00:00', '8789878966', 'Incoming', NULL, NULL, NULL, '2016-11-21 16:26:42', '1', '2016-11-21 16:26:51', '1', NULL, NULL, NULL),
	(87, 83, 0, 0, 'SALES_LEAD', 'SMS', 'testActivity', NULL, '2016-11-21 00:00:00', '8951642434', 'OutGoing', NULL, NULL, NULL, '2016-11-21 16:49:08', '1', NULL, NULL, NULL, NULL, NULL),
	(88, 83, 0, 0, 'SALES_LEAD', 'SMS', 'Activity1', NULL, '2016-11-16 00:00:00', '8951642434', 'Incoming', NULL, NULL, NULL, '2016-11-21 16:49:19', '1', NULL, NULL, NULL, NULL, NULL),
	(89, 83, 0, 0, 'SALES_LEAD', 'SMS', 'activitytest2', NULL, '2016-11-15 00:00:00', '8951642434', 'OutGoing', NULL, NULL, NULL, '2016-11-21 16:49:40', '1', NULL, NULL, NULL, NULL, NULL),
	(90, 83, 0, 0, 'SALES_LEAD', 'SMS', 'test3', NULL, '2016-11-21 00:00:00', '8951642434', 'OutGoing', NULL, NULL, NULL, '2016-11-21 16:49:54', '1', NULL, NULL, NULL, NULL, NULL),
	(91, 83, 0, 0, 'SALES_LEAD', 'SMS', 'test4', NULL, '2016-11-21 00:00:00', '8951642434', 'OutGoing', NULL, NULL, NULL, '2016-11-21 16:50:05', '1', NULL, NULL, NULL, NULL, NULL),
	(92, 84, 0, 0, 'SALES_LEAD', 'SMS', 'testeweqweqweqwe', NULL, '2016-11-21 00:00:00', '8951642434', 'OutGoing', NULL, NULL, NULL, '2016-11-21 18:01:16', '1', NULL, NULL, NULL, NULL, NULL),
	(93, 90, 0, 0, 'SALES_LEAD', 'SMS', 'testeweqwweqwe', NULL, '2016-11-21 00:00:00', '8951642434', 'Incoming', NULL, NULL, NULL, '2016-11-21 18:47:25', '1', NULL, NULL, NULL, NULL, NULL),
	(94, 90, 0, 0, 'SALES_LEAD', 'SMS', 'testeweqwqweqweqwe', _binary 0x65717765717765717765717765, '2016-11-21 00:00:00', '8951642434', 'Incoming', NULL, NULL, NULL, '2016-11-21 19:01:19', '1', NULL, NULL, NULL, NULL, NULL),
	(95, 95, 0, 0, 'SALES_LEAD', 'SMS', 'activity11', NULL, '2016-11-22 00:00:00', '8951642434', 'Incoming', NULL, NULL, NULL, '2016-11-22 11:37:20', '1', '2016-11-22 11:38:52', '1', NULL, NULL, NULL),
	(96, 95, 0, 0, 'SALES_LEAD', 'SMS', 'activity21', NULL, '2016-11-22 00:00:00', '8951642434', 'Incoming', NULL, NULL, NULL, '2016-11-22 11:37:32', '1', '2016-11-22 11:38:47', '1', NULL, NULL, NULL),
	(97, 95, 0, 0, 'SALES_LEAD', 'SMS', 'activity31', _binary 0x6173646173646173, '2016-11-22 00:00:00', '8951642434', 'Incoming', NULL, NULL, NULL, '2016-11-22 11:37:46', '1', '2016-11-22 11:38:29', '1', NULL, NULL, NULL),
	(98, 95, 0, 0, 'SALES_LEAD', 'SMS', 'activity41', NULL, '2016-11-17 00:00:00', '8951642434', 'Incoming', NULL, NULL, NULL, '2016-11-22 11:37:58', '1', '2016-11-22 11:38:25', '1', NULL, NULL, NULL),
	(99, 95, 0, 0, 'SALES_LEAD', 'SMS', 'activity51', NULL, '2016-11-17 00:00:00', '8951642434', 'Incoming', NULL, NULL, NULL, '2016-11-22 11:38:11', '1', '2016-11-22 11:38:21', '1', NULL, NULL, NULL),
	(100, 103, 0, 0, 'SALES_LEAD', 'SMS', 'TestData', _binary 0x5465737444617461, '2016-12-10 00:00:00', '5170000032', 'Incoming', NULL, NULL, NULL, '2016-12-12 16:31:14', '1', NULL, NULL, NULL, NULL, NULL),
	(107, 0, 0, 0, 'SALE_LEAD', 'SMS', 'email submitted', _binary 0x696E666F2072656C6174656420746F2070726F64756374206973206265656E206D61696C6564, '2016-12-12 00:00:00', '6465637772777', 'Incoming', '600', 'xx@ff.com', 'Meeting place Name', '2016-12-12 17:16:43', '2', NULL, NULL, _binary 0x636F6D6D656E7420627920746865206C6F67696E2075736572, NULL, NULL),
	(108, 103, 0, 0, 'SALES_LEAD', 'SMS', 'email submitted successfully', _binary 0x696E666F2072656C6174656420746F2070726F64756374206973206265656E206D61696C6564, '2016-12-12 00:00:00', '9847654321', 'incoming', '11', NULL, NULL, '2016-12-12 17:19:04', '2', '2016-12-12 19:10:25', '2', _binary 0x636F6D6D656E7420627920746865206C6F67696E2075736572, NULL, NULL),
	(109, 1, 0, 0, 'SALES_LEAD', 'CALL', 'testdata', _binary 0x7465737464617461, '2016-12-14 00:00:00', '12345678912', 'Incoming', '12', NULL, NULL, '2016-12-21 16:54:36', '1', NULL, NULL, NULL, NULL, NULL),
	(110, 96, 0, 0, 'SALES_LEAD', 'SMS', 'email submitted', _binary 0x696E666F2072656C6174656420746F2070726F64756374206973206265656E206D61696C6564, '2016-12-12 00:00:00', '6465637772777', 'Incoming', '600', 'xx@ff.com', 'Meeting place Name', '2016-12-21 16:54:28', '2', NULL, NULL, _binary 0x636F6D6D656E7420627920746865206C6F67696E2075736572, NULL, NULL),
	(111, 96, 0, 0, 'SALES_LEAD', 'INTERNET', 'email submitted', _binary 0x696E666F2072656C6174656420746F2070726F64756374206973206265656E206D61696C6564, '2016-12-12 00:00:00', '6465637772777', 'Incoming', '600', 'xx@ff.com', 'Meeting place Name', '2016-12-21 16:55:32', '2', NULL, NULL, _binary 0x636F6D6D656E7420627920746865206C6F67696E2075736572, NULL, NULL),
	(112, 96, 0, 0, 'SALES_LEAD', 'TELEPHONE', 'email submitted', _binary 0x696E666F2072656C6174656420746F2070726F64756374206973206265656E206D61696C6564, '2016-12-12 00:00:00', '6465637772777', 'Incoming', '600', 'xx@ff.com', 'Meeting place Name', '2016-12-21 16:55:40', '2', NULL, NULL, _binary 0x636F6D6D656E7420627920746865206C6F67696E2075736572, NULL, NULL),
	(113, 96, 0, 0, 'SALES_LEAD', 'DATA', 'email submitted', _binary 0x696E666F2072656C6174656420746F2070726F64756374206973206265656E206D61696C6564, '2016-12-12 00:00:00', '6465637772777', 'Incoming', '600', 'xx@ff.com', 'Meeting place Name', '2016-12-21 16:55:45', '2', NULL, NULL, _binary 0x636F6D6D656E7420627920746865206C6F67696E2075736572, NULL, NULL),
	(114, 96, 0, 0, 'SALES_LEAD', 'COMMUNICATION', 'email submitted', _binary 0x696E666F2072656C6174656420746F2070726F64756374206973206265656E206D61696C6564, '2016-12-12 00:00:00', '6465637772777', 'Incoming', '600', 'xx@ff.com', 'Meeting place Name', '2016-12-21 16:55:54', '2', NULL, NULL, _binary 0x636F6D6D656E7420627920746865206C6F67696E2075736572, NULL, NULL),
	(116, 103, 0, 0, 'SALES_LEAD', 'SMS', 'email submitted', _binary 0x696E666F2072656C6174656420746F2070726F64756374206973206265656E206D61696C6564, '2016-12-12 00:00:00', '6465637772777', 'Incoming', '600', 'xx@ff.com', 'Meeting place Name', '2016-12-21 19:44:28', '2', NULL, NULL, _binary 0x636F6D6D656E7420627920746865206C6F67696E2075736572, NULL, NULL),
	(117, 0, 0, 44, 'OPPORTUNITY', 'SMS', 'ACtertert', NULL, '2016-12-22 00:00:00', '9786544312', 'Incoming', NULL, NULL, NULL, '2016-12-22 13:42:21', '1', NULL, NULL, NULL, NULL, NULL),
	(122, 130, 0, 0, 'SALES_LEAD', 'SMS', 'email submitted', _binary 0x696E666F2072656C6174656420746F2070726F64756374206973206265656E206D61696C6564, '2016-12-12 00:00:00', '6465637772777', 'Incoming', '600', 'xx@ff.com', 'Meeting place Name', '2016-12-23 19:34:38', '2', NULL, NULL, _binary 0x636F6D6D656E7420627920746865206C6F67696E2075736572, NULL, NULL),
	(123, 130, 0, 0, 'SALES_LEAD', 'SMS', 'email submitted', _binary 0x696E666F2072656C6174656420746F2070726F64756374206973206265656E206D61696C6564, '2016-12-12 00:00:00', '6465637772777', 'Incoming', '600', 'xx@ff.com', 'Meeting place Name', '2016-12-23 19:36:28', '2', NULL, NULL, _binary 0x636F6D6D656E7420627920746865206C6F67696E2075736572, NULL, NULL),
	(124, 130, 0, 0, 'SALES_LEAD', 'SMS', 'email submitted', _binary 0x696E666F2072656C6174656420746F2070726F64756374206973206265656E206D61696C6564, '2016-12-12 00:00:00', '6465637772777', 'Incoming', '600', 'xx@ff.com', 'Meeting place Name', '2016-12-23 19:36:29', '2', NULL, NULL, _binary 0x636F6D6D656E7420627920746865206C6F67696E2075736572, NULL, NULL),
	(125, 130, 0, 0, 'SALES_LEAD', 'SMS', 'email submitted', _binary 0x696E666F2072656C6174656420746F2070726F64756374206973206265656E206D61696C6564, '2016-12-12 00:00:00', '6465637772777', 'Incoming', '600', 'xx@ff.com', 'Meeting place Name', '2016-12-23 19:36:30', '2', NULL, NULL, _binary 0x636F6D6D656E7420627920746865206C6F67696E2075736572, NULL, NULL),
	(126, 130, 0, 0, 'SALES_LEAD', 'SMS', 'email submitted', _binary 0x696E666F2072656C6174656420746F2070726F64756374206973206265656E206D61696C6564, '2016-12-12 00:00:00', '6465637772777', 'Incoming', '600', 'xx@ff.com', 'Meeting place Name', '2016-12-23 19:36:31', '2', NULL, NULL, _binary 0x636F6D6D656E7420627920746865206C6F67696E2075736572, NULL, NULL),
	(127, 130, 0, 0, 'SALES_LEAD', 'SMS', 'email submitted', _binary 0x696E666F2072656C6174656420746F2070726F64756374206973206265656E206D61696C6564, '2016-12-12 00:00:00', '6465637772777', 'Incoming', '600', 'xx@ff.com', 'Meeting place Name', '2016-12-23 19:36:32', '2', NULL, NULL, _binary 0x636F6D6D656E7420627920746865206C6F67696E2075736572, NULL, NULL),
	(128, 130, 0, 0, 'SALES_LEAD', 'SMS', 'email submitted', _binary 0x696E666F2072656C6174656420746F2070726F64756374206973206265656E206D61696C6564, '2016-12-12 00:00:00', '6465637772777', 'Incoming', '600', 'xx@ff.com', 'Meeting place Name', '2016-12-23 19:36:32', '2', NULL, NULL, _binary 0x636F6D6D656E7420627920746865206C6F67696E2075736572, NULL, NULL),
	(129, 130, 0, 0, 'SALES_LEAD', 'SMS', 'email submitted', _binary 0x696E666F2072656C6174656420746F2070726F64756374206973206265656E206D61696C6564, '2016-12-12 00:00:00', '6465637772777', 'Incoming', '600', 'xx@ff.com', 'Meeting place Name', '2016-12-23 19:36:33', '2', NULL, NULL, _binary 0x636F6D6D656E7420627920746865206C6F67696E2075736572, NULL, NULL),
	(139, 132, 0, 0, 'SALES_LEAD', 'SMS', 'rgergthtrhryhyhyhy6hbt5', _binary 0x6577766766727676, '2016-12-28 00:00:00', '9865925679', 'Incoming', NULL, NULL, NULL, '2016-12-28 19:57:23', '2', NULL, NULL, _binary 0x72677265, NULL, NULL),
	(140, 137, 0, 0, 'SALES_LEAD', 'SMS', 'testdaata', _binary 0x7477737464736464, '2016-12-07 00:00:00', '5406014404', 'Incoming', NULL, NULL, NULL, '2016-12-28 20:08:06', '1', NULL, NULL, _binary 0x746573666466677863, NULL, NULL),
	(141, 0, 59, 0, 'CONTACT', 'SMS', 'SMS to Contact', _binary 0x53656E6420534D5320746F20434F6E74616374, '2017-01-02 20:12:00', '5406010204', 'Incoming', NULL, NULL, NULL, '2017-01-03 12:43:56', '1', NULL, NULL, _binary 0x53656E6420534D5320746F20636F6E74616374, NULL, NULL),
	(142, 0, 60, 0, 'CONTACT', 'CALL', 'Call Activity', _binary 0x43616C6C206D61646520746F2075736572, '2017-01-03 12:00:00', '9786544312', 'OutGoing', '30', NULL, NULL, '2017-01-03 15:44:43', '1', NULL, NULL, _binary 0x43616C6C206D61646520746F2075736572, NULL, NULL),
	(143, 0, 55, 0, 'CONTACT', 'SMS', 'Make Call', NULL, '2017-01-02 00:00:00', '5406010022', 'OutGoing', NULL, NULL, NULL, '2017-01-12 14:02:11', '1', NULL, NULL, NULL, NULL, NULL),
	(144, 0, 0, 50, 'OPPORTUNITY', 'EMAIL', 'Send Email notification', NULL, '2017-01-09 00:00:00', NULL, 'OutGoing', NULL, 'abc@abc.com', NULL, '2017-01-12 14:26:07', '1', NULL, NULL, NULL, NULL, NULL),
	(145, 0, 0, 51, 'OPPORTUNITY', 'SMS', 'Activity 5000', _binary 0x4D616B6520612063616C6C20746F207375746F6D6572, '2017-01-10 00:00:00', '5170000032', 'OutGoing', NULL, NULL, NULL, '2017-01-12 17:54:19', '1', NULL, NULL, NULL, NULL, NULL),
	(148, 0, 60, 0, 'CONTACT', 'SMS', 'ghh', _binary 0x62686868, '2017-10-02 17:03:00', '9865626652', 'Incoming', '', '', '', '2017-01-20 17:05:12', '2', NULL, NULL, _binary 0x62626868, NULL, NULL),
	(149, 0, 60, 0, 'CONTACT', 'SMS', 'hi', _binary 0x68686868, '2018-08-03 17:08:00', '65656323685', 'Incoming', '', '', '', '2017-01-20 17:08:58', '2', NULL, NULL, _binary 0x686868, NULL, NULL),
	(150, 0, 60, 0, 'CONTACT', 'SMS', 'jj', _binary 0x686868, '2017-02-05 17:12:00', '986592568236', 'Incoming', '', '', '', '2017-01-20 17:12:48', '2', NULL, NULL, _binary 0x68686868, NULL, NULL),
	(151, 0, 60, 0, 'CONTACT', 'SMS', 'bh', _binary 0x6868, '2018-04-02 17:17:00', '9865925689', 'Incoming', '', '', '', '2017-01-20 17:17:58', '2', NULL, NULL, _binary 0x686868, NULL, NULL),
	(152, 0, 60, 0, 'CONTACT', 'SMS', 'hi', _binary 0x68686868, '2018-08-03 17:08:00', '65656323685', 'Incoming', '', '', '', '2017-01-20 17:27:25', '2', NULL, NULL, _binary 0x686868, NULL, NULL),
	(153, 0, 0, 56, 'OPPORTUNITY', 'SMS', 'hy', _binary 0x686868, '2018-08-03 17:30:00', '986533665', 'Incoming', '', '', '', '2017-01-20 17:31:39', '2', NULL, NULL, _binary 0x686868, NULL, NULL),
	(154, 140, 0, 0, 'SALES_LEAD', 'SMS', 'shhd', _binary 0x6468686468, '2018-04-02 16:09:00', '986566683', 'Incoming', '', '', '', '2017-01-30 16:09:33', '2', NULL, NULL, _binary 0x64687868, NULL, NULL),
	(155, 107, 0, 0, 'SALES_LEAD', 'SMS', 'ssdsdsdsdsd', NULL, '2017-02-02 00:14:00', '234567890', 'Incoming', NULL, NULL, NULL, '2017-02-02 19:51:42', '13', '2017-02-02 19:51:56', '13', NULL, NULL, NULL),
	(156, 166, 0, 0, 'SALES_LEAD', 'SMS', 'DFDDDDDD', _binary 0x6869, '2017-03-19 05:00:00', NULL, NULL, NULL, NULL, NULL, '2017-02-07 13:00:01', '1', '2017-02-07 17:02:00', '2', NULL, NULL, NULL),
	(157, 166, 0, 0, 'SALES_LEAD', 'CALL', 'Sejeeth', _binary 0x6869, '2017-03-02 14:31:00', '9865925679', 'Incoming', '25', '', '', '2017-02-07 14:31:45', '2', NULL, NULL, _binary 0x6869, NULL, NULL),
	(158, 0, 86, 0, 'CONTACT', 'CALL', 'sejeeth', _binary 0x6869, '2017-02-15 04:30:00', NULL, NULL, NULL, NULL, NULL, '2017-02-07 16:30:53', '2', '2017-02-07 16:33:19', '2', _binary 0x63636367, NULL, NULL),
	(159, 166, 0, 0, 'SALES_LEAD', 'CALL', 'Newcall', _binary 0x73756A65657468, '2017-03-12 05:08:00', NULL, NULL, NULL, NULL, NULL, '2017-02-07 17:05:30', '2', '2017-02-07 17:14:23', '2', _binary 0x6869, NULL, NULL),
	(160, 0, 86, 0, 'CONTACT', 'SMS', 'Bad', _binary 0x6869, '2017-03-12 05:35:00', NULL, NULL, NULL, NULL, NULL, '2017-02-07 17:36:06', '2', '2017-02-07 17:36:47', '2', _binary 0x6869, NULL, NULL),
	(161, 166, 0, 0, 'SALES_LEAD', 'CALL', 'goods', _binary 0x6869, '2017-04-17 03:57:00', NULL, NULL, NULL, NULL, NULL, '2017-02-08 15:58:51', '2', '2017-02-08 15:59:12', '2', _binary 0x6869, NULL, NULL),
	(162, 166, 0, 0, 'SALES_LEAD', 'SMS', 'goodsssss', _binary 0x6869, '2017-03-12 04:02:00', NULL, NULL, NULL, NULL, NULL, '2017-02-08 16:02:40', '2', '2017-02-08 16:03:15', '2', _binary 0x6868, NULL, NULL),
	(163, 171, 0, 0, 'SALES_LEAD', 'SMS', 'sdsdsdsdsd', NULL, '2017-02-08 00:00:00', '980954503', 'Incoming', NULL, NULL, NULL, '2017-02-08 16:24:51', '1', NULL, NULL, NULL, NULL, NULL),
	(164, 166, 0, 0, 'SALES_LEAD', 'CALL', 'hissssssss', _binary 0x6869, '2017-02-17 06:53:00', NULL, NULL, NULL, NULL, NULL, '2017-02-08 18:53:55', '2', '2017-02-08 18:55:34', '2', _binary 0x686973737373, NULL, NULL),
	(165, 175, 0, 0, 'SALES_LEAD', 'MEETING', 'Test Activity 1', _binary 0x54657374206176746976697479, '2017-03-05 00:00:00', NULL, NULL, NULL, NULL, 'Chennai', '2017-03-14 16:27:58', '19', NULL, NULL, NULL, NULL, NULL),
	(166, 0, 88, 0, 'CONTACT', 'SMS', 'Testing', NULL, '2017-06-14 00:00:00', '1234567898', 'Incoming', NULL, NULL, NULL, '2017-06-19 11:47:29', '1', NULL, NULL, NULL, NULL, NULL),
	(167, 0, 88, 0, 'CONTACT', 'CALL', 'Call Testing', NULL, '2017-06-15 00:00:00', '1234567898', 'Incoming', NULL, NULL, NULL, '2017-06-19 11:47:59', '1', NULL, NULL, NULL, NULL, NULL),
	(168, 195, 0, 0, 'SALES_LEAD', 'SMS', 'SMS Sub mod', _binary 0x736D73206465736370206D6F64, '2017-07-28 00:00:00', '8147239102', 'Incoming', NULL, NULL, NULL, '2017-07-29 16:48:37', '1', '2017-07-29 17:29:41', '1', NULL, NULL, NULL),
	(169, 195, 0, 0, 'SALES_LEAD', 'CALL', 'Call Sub mod', _binary 0x63616C6C206465736370206D6F64, '2017-07-26 00:00:00', '8147239102', 'Incoming', '24', NULL, NULL, '2017-07-29 16:57:18', '1', '2017-07-29 17:32:16', '1', NULL, NULL, NULL),
	(170, 195, 0, 0, 'SALES_LEAD', 'EMAIL', 'Email Sub mod', _binary 0x656D61696C206465736370206D6F64, '2017-07-24 00:00:00', NULL, 'Incoming', NULL, 'raul.blanco@gmail.com', NULL, '2017-07-29 16:59:56', '1', '2017-07-29 17:34:02', '1', NULL, NULL, NULL),
	(171, 195, 0, 0, 'SALES_LEAD', 'MEETING', 'Meet Sub mod', _binary 0x6D656574206465736370206D6F64, '2017-07-22 00:00:00', NULL, NULL, NULL, NULL, 'Banglaluru', '2017-07-29 17:01:57', '1', '2017-07-29 17:35:24', '1', NULL, NULL, NULL),
	(172, 195, 0, 0, 'SALES_LEAD', 'SMS', 'sms sub 2', _binary 0x746573746564, '2017-07-29 00:00:00', '8147239101', 'Incoming', NULL, NULL, NULL, '2017-07-29 17:23:52', '1', NULL, NULL, NULL, NULL, NULL),
	(173, 197, 0, 0, 'SALES_LEAD', 'CALL', 'Test Sub 1', NULL, '2017-07-30 00:00:00', '8147239101', 'Incoming', NULL, NULL, NULL, '2017-07-30 23:26:11', '1', '2017-07-30 23:32:38', '1', NULL, NULL, NULL),
	(174, 0, 106, 0, 'CONTACT', 'EMAIL', 'test email sub 2', NULL, '2017-07-31 00:00:00', NULL, 'OutGoing', NULL, 'gareth.bale@gmail.com', NULL, '2017-07-31 02:14:39', '1', '2017-07-31 02:14:47', '1', NULL, NULL, NULL),
	(175, 0, 0, 91, 'OPPORTUNITY', 'CALL', 'Opp sub 1', _binary 0x4F70702064657363, '2017-07-31 00:00:00', '5170000054', 'OutGoing', '13', NULL, NULL, '2017-07-31 15:48:38', '1', '2017-07-31 15:48:50', '1', NULL, NULL, NULL),
	(176, 198, 0, 0, 'SALES_LEAD', 'SMS', 'test sub 1', NULL, '2017-08-01 00:00:00', '5170000339', 'Incoming', NULL, NULL, NULL, '2017-08-01 02:37:57', '1', '2017-08-01 02:38:51', '1', NULL, NULL, NULL),
	(177, 209, 0, 0, 'SALES_LEAD', 'SMS', 'Subject', _binary 0x616473617364, '2017-08-01 00:00:00', '9987654321', 'OutGoing', NULL, NULL, NULL, '2017-08-01 20:35:47', '1', '2017-08-01 20:36:13', '1', NULL, NULL, NULL),
	(178, 210, 0, 0, 'SALES_LEAD', 'SMS', 'SMS sub mod', _binary 0x534D53206465736370206D6F64, '2017-08-02 00:00:00', '9576765777', 'Incoming', NULL, NULL, NULL, '2017-08-06 16:50:21', '1', '2017-08-06 17:20:31', '1', NULL, NULL, NULL),
	(179, 210, 0, 0, 'SALES_LEAD', 'SMS', 'SMSM S2 ub', _binary 0x63616C6C206465736370, '2017-08-06 00:00:00', '9576765777', 'OutGoing', NULL, NULL, NULL, '2017-08-06 16:55:43', '1', '2017-08-06 16:56:01', '1', NULL, NULL, NULL),
	(180, 210, 0, 0, 'SALES_LEAD', 'CALL', 'Call Sub Mod', _binary 0x63616C6C206465786370206D6F64, '2017-08-01 00:00:00', '9576765777', 'Incoming', '35', NULL, NULL, '2017-08-06 16:56:39', '1', '2017-08-06 17:23:08', '1', NULL, NULL, NULL),
	(181, 210, 0, 0, 'SALES_LEAD', 'EMAIL', 'Email Sub mod ', _binary 0x656D61696C206465736370206D6F64, '2017-08-03 00:00:00', NULL, 'Incoming', NULL, 'rauldffdddf.gonzales@gmail.com', NULL, '2017-08-06 17:02:14', '1', '2017-08-06 17:25:34', '1', NULL, NULL, NULL),
	(182, 210, 0, 0, 'SALES_LEAD', 'MEETING', 'Meet Sub mod', _binary 0x6D656574206465736370206D6F64, '2017-08-05 00:00:00', NULL, NULL, NULL, NULL, 'Karanatak', '2017-08-06 17:06:08', '1', '2017-08-06 17:28:04', '1', NULL, NULL, NULL),
	(183, 0, 112, 0, 'CONTACT', 'SMS', 'SMS Sub', _binary 0x736164736164736164736164736164, '2017-08-07 00:00:00', '8147239101', 'Incoming', NULL, NULL, NULL, '2017-08-07 00:18:05', '1', NULL, NULL, NULL, NULL, NULL),
	(184, 0, 0, 96, 'OPPORTUNITY', 'SMS', 'SMS Sub', _binary 0x7A63787A787A63787A63, '2017-08-07 00:00:00', '8147239101', 'Incoming', NULL, NULL, NULL, '2017-08-07 13:07:22', '1', NULL, NULL, NULL, NULL, NULL),
	(185, 229, 0, 0, 'SALES_LEAD', 'SMS', 'test sms', NULL, '2017-07-19 00:00:00', '9576765766', 'OutGoing', NULL, NULL, NULL, '2017-08-13 19:34:04', '1', '2017-08-13 21:00:31', '1', NULL, NULL, NULL),
	(186, 229, 0, 0, 'SALES_LEAD', 'CALL', 'test call', NULL, '2017-08-12 00:00:00', '9576765766', 'OutGoing', NULL, NULL, NULL, '2017-08-13 19:37:48', '1', '2017-08-13 21:02:03', '1', NULL, NULL, NULL),
	(187, 229, 0, 0, 'SALES_LEAD', 'EMAIL', 'test email', NULL, '2017-08-10 00:00:00', NULL, 'Incoming', NULL, 'phillipe.coutinho@gmail.com', NULL, '2017-08-13 20:04:44', '1', '2017-08-13 21:02:13', '1', NULL, NULL, NULL),
	(188, 229, 0, 0, 'SALES_LEAD', 'SMS', 'Test SMS 12434', NULL, '2017-08-02 00:00:00', '9576765766', 'Incoming', NULL, NULL, NULL, '2017-08-13 20:22:32', '1', NULL, NULL, NULL, NULL, NULL),
	(189, 229, 0, 0, 'SALES_LEAD', 'MEETING', 'Test meet', NULL, '2017-08-06 00:00:00', NULL, NULL, NULL, NULL, 'Balogna', '2017-08-13 20:29:53', '1', '2017-08-13 20:30:00', '1', NULL, NULL, NULL),
	(190, 229, 0, 0, 'SALES_LEAD', 'MEETING', 'Test meet 2', NULL, '2017-08-03 00:00:00', NULL, NULL, NULL, NULL, 'Cordoba', '2017-08-13 20:54:59', '1', '2017-08-13 21:02:24', '1', NULL, NULL, NULL),
	(191, 231, 0, 0, 'SALES_LEAD', 'SMS', 'TEsting', _binary 0x54657374696E67, '2017-09-05 00:00:00', '9739385132', 'Incoming', NULL, NULL, NULL, '2017-09-05 13:16:51', '1', NULL, NULL, NULL, NULL, NULL),
	(192, 231, 0, 0, 'SALES_LEAD', 'CALL', 'Testing', _binary 0x54657374696E672044657363, '2017-09-04 00:00:00', '9739385132', 'Incoming', '12', NULL, NULL, '2017-09-05 13:17:13', '1', NULL, NULL, NULL, NULL, NULL),
	(193, 231, 0, 0, 'SALES_LEAD', 'EMAIL', 'EMAIL TEST', _binary 0x466F6C6C6F777570, '2017-08-28 00:00:00', NULL, 'OutGoing', NULL, 'a@b.com', NULL, '2017-09-05 13:17:37', '1', NULL, NULL, NULL, NULL, NULL),
	(194, 231, 0, 0, 'SALES_LEAD', 'MEETING', 'ASDTY', _binary 0x54457374696E67, '2017-08-08 00:00:00', NULL, NULL, NULL, NULL, 'BLORE', '2017-09-05 13:19:05', '1', NULL, NULL, NULL, NULL, NULL),
	(195, 0, 116, 0, 'CONTACT', 'SMS', 'TeSTING', _binary 0x54657374696E67, '2017-09-05 00:00:00', '9739385132', 'Incoming', NULL, NULL, NULL, '2017-09-05 13:36:45', '1', NULL, NULL, NULL, NULL, NULL),
	(196, 175, 0, 0, 'SALES_LEAD', 'SMS', 'sadadsad', NULL, '2017-09-07 00:00:00', '8147239164', 'Incoming', NULL, NULL, NULL, '2017-09-07 16:04:32', '1', NULL, NULL, NULL, NULL, NULL),
	(197, 175, 0, 0, 'SALES_LEAD', 'CALL', 'asdasds', NULL, '2017-09-07 00:00:00', '8147239164', 'Incoming', NULL, NULL, NULL, '2017-09-07 16:04:44', '1', NULL, NULL, NULL, NULL, NULL),
	(198, 175, 0, 0, 'SALES_LEAD', 'EMAIL', 'sadad', NULL, '2017-09-07 00:00:00', NULL, 'Incoming', NULL, 'delwinsabu@gmail.com', NULL, '2017-09-07 16:04:51', '1', NULL, NULL, NULL, NULL, NULL),
	(199, 0, 118, 0, 'CONTACT', 'SMS', 'CDsdf', _binary 0x6173647364, '2017-09-04 00:00:00', '1234567891', 'Incoming', NULL, NULL, NULL, '2017-09-11 15:05:12', '1', NULL, NULL, NULL, NULL, NULL),
	(200, 0, 0, 107, 'OPPORTUNITY', 'SMS', 'sfdfFDDF', _binary 0x534446444644, '2017-09-04 00:00:00', '8147239101', 'Incoming', NULL, NULL, NULL, '2017-09-11 15:19:59', '1', NULL, NULL, NULL, NULL, NULL),
	(201, 234, 0, 0, 'SALES_LEAD', 'SMS', 'Call Sales', NULL, '2017-09-05 00:00:00', '1987654321', 'OutGoing', NULL, NULL, NULL, '2017-09-12 16:44:14', '1', NULL, NULL, NULL, NULL, NULL),
	(202, 236, 0, 0, 'SALES_LEAD', 'SMS', 'Send_SMS', NULL, '2017-09-21 00:00:00', '8147239101', 'OutGoing', NULL, NULL, NULL, '2017-09-26 12:28:30', '1', NULL, NULL, NULL, NULL, NULL),
	(203, 0, 121, 0, 'CONTACT', 'SMS', 'Send_SMS', NULL, '2017-09-26 00:00:00', '9876512340', 'OutGoing', NULL, NULL, NULL, '2017-09-26 13:05:29', '1', NULL, NULL, NULL, NULL, NULL),
	(204, 0, 0, 108, 'OPPORTUNITY', 'SMS', 'opportunity', _binary 0x617361736173736173, '2017-09-02 00:00:00', '1987654321', 'OutGoing', NULL, NULL, NULL, '2017-09-26 13:56:53', '1', '2019-03-20 16:56:23', '1', _binary 0x617361736173736173, NULL, NULL),
	(205, 238, 0, 0, 'SALES_LEAD', 'SMS', 'sdfsdfd', NULL, '2017-10-03 00:00:00', '814723910', 'Incoming', NULL, NULL, NULL, '2017-10-10 16:40:28', '1', NULL, NULL, NULL, NULL, NULL),
	(206, 305, 0, 0, 'SALES_LEAD', 'MEETING', 'test meet2', NULL, '2017-11-07 00:00:00', NULL, NULL, NULL, NULL, 'dabra', '2017-11-30 16:56:46', '1', '2017-11-30 16:58:00', '1', NULL, NULL, NULL),
	(207, 305, 0, 0, 'SALES_LEAD', 'EMAIL', 'test email2', NULL, '2017-11-14 00:00:00', NULL, 'Incoming', NULL, 'de@rossi.co', NULL, '2017-11-30 16:57:19', '1', '2017-11-30 16:58:07', '1', NULL, NULL, NULL),
	(208, 307, 0, 0, 'SALES_LEAD', 'MEETING', 'test sub', _binary 0x746573742064657363703233, '2017-12-02 00:00:00', NULL, NULL, NULL, NULL, 'shalog', '2017-12-12 18:44:27', '1', '2017-12-12 18:46:12', '1', _binary 0x746573742064657363703233, NULL, NULL),
	(209, 307, 0, 0, 'SALES_LEAD', 'EMAIL', 'email sub', _binary 0x7465737420636F6D6D, '2017-12-08 00:00:00', NULL, 'Incoming', NULL, 'dela.pena@gmail.com', NULL, '2017-12-12 19:07:35', '1', NULL, NULL, _binary 0x7465737420636F6D6D, NULL, NULL),
	(210, 315, 0, 0, 'SALES_LEAD', 'MEETING', 'meeting sub', _binary 0x74657374206465736370202034353435, '2017-12-08 00:00:00', NULL, NULL, NULL, NULL, 'Dhaka', '2017-12-13 20:00:43', '1', '2017-12-13 20:01:02', '1', _binary 0x74657374206465736370202034353435, NULL, NULL),
	(211, 317, 0, 0, 'SALES_LEAD', 'EMAIL', 'Plan details', NULL, '2017-12-09 00:00:00', NULL, 'Incoming', NULL, 'nyana@gmail.com', NULL, '2017-12-18 13:55:28', '1', NULL, NULL, NULL, NULL, NULL),
	(212, 0, 0, 136, 'OPPORTUNITY', 'SMS', 'activity1', NULL, '2017-12-29 00:00:00', '5170330054', 'Incoming', NULL, NULL, NULL, '2017-12-29 13:41:40', '1', NULL, NULL, NULL, NULL, NULL),
	(213, 2, 0, 0, 'SALES_LEAD', 'SMS', 'SSNActivity', NULL, '2018-04-04 00:00:00', '8551234567', 'Incoming', NULL, NULL, NULL, '2018-04-06 10:45:46', '1', NULL, NULL, NULL, NULL, NULL),
	(214, 2, 0, 0, 'SALES_LEAD', 'SMS', 'SMSActivity', NULL, '2018-03-14 00:00:00', '8551234567', 'Incoming', NULL, NULL, NULL, '2018-04-06 11:10:12', '1', '2018-04-06 12:04:19', '1', NULL, NULL, NULL),
	(215, 2, 0, 0, 'SALES_LEAD', 'CALL', 'CALLActivity', NULL, '2018-04-06 00:00:00', '8551234567', 'Incoming', NULL, NULL, NULL, '2018-04-06 11:10:34', '1', '2018-04-06 12:04:30', '1', NULL, NULL, NULL),
	(216, 2, 0, 0, 'SALES_LEAD', 'EMAIL', 'EmailActivity', NULL, '2018-04-02 00:00:00', NULL, 'Incoming', NULL, 'abc@c.com', NULL, '2018-04-06 11:10:50', '1', '2018-04-06 12:19:00', '1', NULL, NULL, NULL),
	(217, 2, 0, 0, 'SALES_LEAD', 'MEETING', 'MeetingActivity', NULL, '2018-02-03 00:00:00', NULL, NULL, NULL, NULL, 'Bangalore', '2018-04-06 11:11:11', '1', '2018-04-06 12:19:09', '1', NULL, NULL, NULL),
	(218, 0, 12, 0, 'CONTACT', 'SMS', 'SS C SMS Act', NULL, '2018-04-04 00:00:00', '2134241111', 'Incoming', NULL, NULL, NULL, '2018-04-06 18:27:02', '1', NULL, NULL, NULL, NULL, NULL),
	(219, 0, 12, 0, 'CONTACT', 'EMAIL', 'ss email act ', NULL, '2018-04-04 00:00:00', NULL, 'Incoming', NULL, 'abc@c.com', NULL, '2018-04-06 18:27:26', '1', '2018-04-06 18:27:35', '1', NULL, NULL, NULL),
	(220, 0, 0, 5, 'OPPORTUNITY', 'CALL', 'CALL OPP SS Activity', _binary 0x64667364666466, '2018-04-09 00:00:00', '2134241111', 'Incoming', NULL, NULL, NULL, '2018-04-09 16:38:11', '1', '2018-04-09 16:38:24', '1', _binary 0x64667364666466, NULL, NULL),
	(221, 0, 0, 24, 'OPPORTUNITY', 'SMS', 'SMS Subject', _binary 0x534D53204465736372697074696F6E, '2018-10-19 00:00:00', '9663588745', 'Incoming', NULL, NULL, NULL, '2018-10-04 12:37:36', '1', NULL, NULL, _binary 0x534D53204465736372697074696F6E, NULL, NULL),
	(222, 0, 0, 24, 'OPPORTUNITY', 'CALL', 'Call Activity ', _binary 0x43616C6C204163746976697479204465736372697074696F6E, '2018-10-18 00:00:00', '9663588745', 'Incoming', '1', NULL, NULL, '2018-10-04 12:38:09', '1', NULL, NULL, _binary 0x43616C6C204163746976697479204465736372697074696F6E, NULL, NULL),
	(223, 0, 0, 24, 'OPPORTUNITY', 'EMAIL', 'Email Activity ', _binary 0x456D61696C20416374697669747920, '2018-10-25 00:00:00', NULL, 'Incoming', NULL, 'harjindersingh@gmail.com', NULL, '2018-10-04 12:38:47', '1', NULL, NULL, _binary 0x456D61696C20416374697669747920, NULL, NULL),
	(225, 10, 0, 0, 'SALES_LEAD', 'SMS', 'SMS Activity', _binary 0x20202020202020202020202020202020202061616161616161, '2018-10-04 00:00:00', '9199999999', 'Incoming', NULL, NULL, NULL, '2018-10-04 12:48:02', '1', '2019-03-06 15:30:22', '1', _binary 0x20202020202020202020202020202020202061616161616161, NULL, NULL),
	(226, 10, 0, 0, 'SALES_LEAD', 'CALL', 'Call Activity', _binary 0x43616C6C204163746976697479, '2018-10-05 00:00:00', '9199999999', 'Incoming', '4', NULL, NULL, '2018-10-04 12:48:31', '1', NULL, NULL, _binary 0x43616C6C204163746976697479, NULL, NULL),
	(227, 10, 0, 0, 'SALES_LEAD', 'EMAIL', 'Email ', _binary 0x456D61696C204465736372697074696F6E, '2018-10-05 00:00:00', NULL, 'Incoming', NULL, 'lj@lj.com', NULL, '2018-10-04 12:49:16', '1', NULL, NULL, _binary 0x456D61696C204465736372697074696F6E, NULL, NULL),
	(256, 10, 0, 0, 'SALES_LEAD', 'SMS', 'SMS Activity', _binary 0x534D53204465736363636363636363636363636363636333, '2018-10-05 00:00:00', '9199999999', 'OutGoing', NULL, NULL, NULL, '2018-10-10 11:23:11', '1', '2018-10-10 12:33:54', '1', _binary 0x534D53204465736363636363636363636363636363636333, NULL, NULL),
	(257, 16, 0, 0, 'SALES_LEAD', 'SMS', 'test12', _binary 0x74657374777765656565, '2018-11-23 00:00:00', '97763333', 'Incoming', NULL, NULL, NULL, '2018-11-22 20:10:27', '1', NULL, NULL, _binary 0x74657374777765656565, NULL, NULL),
	(258, 8, 0, 0, 'SALES_LEAD', 'SMS', 'Test SMS Mdifiy', _binary 0x4465736369747074696F6E, '2019-03-13 00:00:00', '3352335212', 'Incoming', NULL, NULL, NULL, '2019-02-28 13:32:02', '1', '2019-02-28 14:31:15', '1', _binary 0x4465736369747074696F6E, NULL, NULL),
	(259, 0, 69, 0, 'CONTACT', 'SMS', 'test CONT', _binary 0x4465736369726F, '2019-03-09 00:00:00', '1111111111', 'Incoming', NULL, NULL, NULL, '2019-02-28 14:37:04', '1', NULL, NULL, _binary 0x4465736369726F, NULL, NULL),
	(260, 8, 0, 0, 'SALES_LEAD', 'CALL', 'CALL TEST', _binary 0x4465736372697074696F6E, '2019-03-08 00:00:00', '3352335212', 'Incoming', '20', NULL, NULL, '2019-02-28 14:40:42', '1', NULL, NULL, _binary 0x4465736372697074696F6E, NULL, NULL),
	(261, 8, 0, 0, 'SALES_LEAD', 'EMAIL', 'Email Test', _binary 0x444573726970, '2019-03-06 00:00:00', NULL, 'Incoming', NULL, 'neymar.jr@gmail.com', NULL, '2019-02-28 14:42:40', '1', NULL, NULL, _binary 0x444573726970, NULL, NULL),
	(262, 8, 0, 0, 'SALES_LEAD', 'MEETING', 'meeting', _binary 0x64657370, '2019-03-05 00:00:00', NULL, NULL, NULL, NULL, 'Banaglore', '2019-02-28 14:43:44', '1', NULL, NULL, _binary 0x2428222365767464617422292E76616C2829, NULL, NULL),
	(263, 8, 0, 0, 'SALES_LEAD', 'MEETING', 'TEst meeting', _binary 0x4465736372697074696F6E, '2019-03-05 00:00:00', NULL, NULL, NULL, NULL, 'Bangalore', '2019-02-28 14:50:33', '1', NULL, NULL, _binary 0x4465736372697074696F6E, NULL, NULL),
	(264, 0, 0, 73, 'OPPORTUNITY', 'SMS', 'opportunity', _binary 0x4465736372697074696F6E, '2019-03-01 00:00:00', '4332222222', 'Incoming', NULL, NULL, NULL, '2019-02-28 14:57:23', '1', NULL, NULL, _binary 0x4465736372697074696F6E, NULL, NULL),
	(265, 8, 0, 0, 'SALES_LEAD', 'SMS', 'Subject', NULL, '2019-03-01 00:00:00', '3352335212', 'Incoming', NULL, NULL, NULL, '2019-02-28 17:14:28', '1', NULL, NULL, NULL, NULL, NULL),
	(266, 8, 0, 0, 'SALES_LEAD', 'CALL', 'sdsdsd', NULL, '2019-03-01 00:00:00', '3352335212', 'Incoming', '100', NULL, NULL, '2019-02-28 17:20:50', '1', NULL, NULL, NULL, NULL, NULL),
	(267, 10, 0, 0, 'SALES_LEAD', 'SMS', 'javeeed', NULL, '2019-03-07 00:00:00', '9199999999', 'Incoming', NULL, NULL, NULL, '2019-03-05 18:26:10', '1', NULL, NULL, NULL, NULL, NULL),
	(268, 0, 69, 0, 'CONTACT', 'SMS', 'SUBEHDDC', NULL, '2019-03-06 00:00:00', '1111111111', 'Incoming', NULL, NULL, NULL, '2019-03-06 13:07:52', '1', '2019-03-06 13:14:05', '1', NULL, NULL, NULL),
	(269, 0, 69, 0, 'CONTACT', 'SMS', 'asassasasass', NULL, '2019-03-16 00:00:00', '1111111111', 'Incoming', NULL, NULL, NULL, '2019-03-06 13:13:38', '1', NULL, NULL, NULL, NULL, NULL),
	(270, 10, 0, 0, 'SALES_LEAD', 'SMS', '                        sasasas', NULL, '2019-03-08 00:00:00', '9199999999', 'Incoming', NULL, NULL, NULL, '2019-03-06 15:30:05', '1', NULL, NULL, NULL, NULL, NULL),
	(271, 0, 70, 0, 'CONTACT', 'SMS', 'asasasasas', _binary 0x7171717171, '2019-03-02 00:00:00', '8567453676', 'Incoming', NULL, NULL, NULL, '2019-03-06 15:32:03', '1', '2019-03-06 15:32:34', '1', _binary 0x7171717171, NULL, NULL),
	(272, 65, 0, 0, 'SALES_LEAD', 'MEETING', 'sasaass', NULL, '2019-02-28 00:00:00', NULL, NULL, NULL, NULL, 'wqqwwqw', '2019-03-06 16:03:53', '1', '2019-03-06 16:04:08', '1', NULL, NULL, NULL),
	(273, 0, 0, 88, 'OPPORTUNITY', 'CALL', 'asasas', NULL, '2019-03-07 00:00:00', '8567453676', 'Incoming', NULL, NULL, NULL, '2019-03-07 21:08:33', '1', NULL, NULL, NULL, NULL, NULL),
	(274, 10, 0, 0, 'SALES_LEAD', 'CALL', '            rweweweew', NULL, '2019-03-07 00:00:00', '9199999999', 'Incoming', NULL, NULL, NULL, '2019-03-08 15:43:22', '1', NULL, NULL, NULL, NULL, NULL),
	(275, 10, 0, 0, 'SALES_LEAD', 'MEETING', 'Testasa', _binary 0x61736173617373, '2019-03-19 00:00:00', NULL, NULL, NULL, NULL, 'Javeed', '2019-03-12 16:16:05', '1', NULL, NULL, _binary 0x61736173617373, NULL, NULL),
	(276, 10, 0, 0, 'SALES_LEAD', 'MEETING', 'testaas', _binary 0x7361736173, '2019-02-28 00:00:00', NULL, NULL, NULL, NULL, 'asasas', '2019-03-12 16:26:24', '1', NULL, NULL, _binary 0x7361736173, NULL, NULL),
	(277, 10, 0, 0, 'SALES_LEAD', 'MEETING', 'Demo  at KFC', NULL, '2019-03-15 00:00:00', NULL, NULL, NULL, NULL, 'Near MBT', '2019-03-12 16:54:44', '1', '2019-03-27 18:53:37', '1', NULL, NULL, NULL),
	(278, 0, 75, 0, 'CONTACT', 'CALL', 'asasaas', _binary 0x617361736173, '2019-03-14 00:00:00', '1111111111', 'Incoming', '222', NULL, NULL, '2019-03-20 12:06:17', '1', '2019-03-20 16:31:21', '1', _binary 0x617361736173, NULL, NULL),
	(279, 0, 75, 0, 'CONTACT', 'SMS', 'SMSACT', _binary 0x20207171777177, '2019-03-01 00:00:00', '1111111111', 'Incoming', NULL, NULL, NULL, '2019-03-20 16:29:08', '1', '2019-03-20 16:36:49', '1', _binary 0x20207171777177, NULL, NULL),
	(280, 0, 75, 0, 'CONTACT', 'SMS', 'tests', _binary 0x4669727374204E616D65, '2019-04-05 00:00:00', '1111111111', 'Incoming', NULL, NULL, NULL, '2019-03-20 16:37:35', '1', '2019-03-27 17:02:08', '1', _binary 0x4669727374204E616D65, NULL, NULL),
	(281, 0, 76, 0, 'CONTACT', 'SMS', 'message', _binary 0x64666674, '2019-03-28 00:00:00', '123456789', 'Incoming', NULL, NULL, NULL, '2019-03-27 13:06:09', '1', '2019-03-27 13:06:34', '1', _binary 0x64666674, NULL, NULL),
	(282, 0, 76, 0, 'CONTACT', 'SMS', 'message', _binary 0x64667272, '2019-03-27 00:00:00', '123456789', 'Incoming', NULL, NULL, NULL, '2019-03-27 13:07:32', '1', NULL, NULL, _binary 0x64667272, NULL, NULL),
	(283, 0, 76, 0, 'CONTACT', 'SMS', 'derft', _binary 0x6465727466, '2019-03-21 00:00:00', '123456789', 'Incoming', NULL, NULL, NULL, '2019-03-27 13:20:22', '1', NULL, NULL, _binary 0x6465727466, NULL, NULL),
	(284, 0, 76, 0, 'CONTACT', 'SMS', 'message', _binary 0x616473667366, '2019-03-21 00:00:00', '123456789', 'Incoming', NULL, NULL, NULL, '2019-03-27 15:58:15', '1', NULL, NULL, _binary 0x616473667366, NULL, NULL),
	(285, 0, 76, 0, 'CONTACT', 'SMS', 'message', _binary 0x7177657274, '2019-03-07 00:00:00', '123456789', 'Incoming', NULL, NULL, NULL, '2019-03-27 16:04:54', '1', NULL, NULL, _binary 0x7177657274, NULL, NULL),
	(286, 0, 76, 0, 'CONTACT', 'SMS', 'message', _binary 0x646666726568, '2019-03-13 00:00:00', '123456789', 'Incoming', NULL, NULL, NULL, '2019-03-27 16:21:46', '1', NULL, NULL, _binary 0x646666726568, NULL, NULL),
	(287, 0, 76, 0, 'CONTACT', 'SMS', 'messages', _binary 0x64726574, '2019-03-13 00:00:00', '123456789', 'Incoming', NULL, NULL, NULL, '2019-03-27 16:39:39', '1', NULL, NULL, _binary 0x64726574, NULL, NULL),
	(288, 0, 76, 0, 'CONTACT', 'SMS', 'meassge', NULL, '2019-03-27 00:00:00', '123456789', 'Incoming', NULL, NULL, NULL, '2019-03-27 16:40:14', '1', '2019-03-27 17:04:47', '1', NULL, NULL, NULL),
	(289, 0, 76, 0, 'CONTACT', 'SMS', 'message', _binary 0x657772727471, '2019-03-07 00:00:00', '1233333333', 'Incoming', NULL, NULL, NULL, '2019-03-27 18:29:11', '1', NULL, NULL, _binary 0x657772727471, NULL, NULL),
	(290, 0, 76, 0, 'CONTACT', 'SMS', 'mdseee', _binary 0x657366736466, '2019-03-01 00:00:00', '123456789', 'Incoming', NULL, NULL, NULL, '2019-03-27 18:52:16', '1', NULL, NULL, _binary 0x657366736466, NULL, NULL),
	(291, 0, 76, 0, 'CONTACT', 'SMS', 'efwerfwe', NULL, '2019-03-27 00:00:00', '123456789', 'Incoming', NULL, NULL, NULL, '2019-03-27 18:52:40', '1', NULL, NULL, NULL, NULL, NULL),
	(292, 0, 76, 0, 'CONTACT', 'SMS', 'nsdnsd', NULL, '2019-02-28 00:00:00', '123456789', 'Incoming', NULL, NULL, NULL, '2019-03-27 18:53:07', '1', NULL, NULL, NULL, NULL, NULL),
	(293, 0, 76, 0, 'CONTACT', 'SMS', 'messsage', _binary 0x7265747479, '2019-03-06 00:00:00', '123456789', 'Incoming', NULL, NULL, NULL, '2019-03-27 18:57:49', '1', NULL, NULL, _binary 0x7265747479, NULL, NULL),
	(294, 0, 76, 0, 'CONTACT', 'SMS', 'wewed', _binary 0x667472657272, '2019-02-27 00:00:00', '123456789', 'Incoming', NULL, NULL, NULL, '2019-03-27 18:59:49', '1', NULL, NULL, _binary 0x667472657272, NULL, NULL),
	(295, 0, 76, 0, 'CONTACT', 'SMS', 'werwerwer', _binary 0x6566656666, '2019-02-27 00:00:00', '123456789', 'Incoming', NULL, NULL, NULL, '2019-03-27 19:02:15', '1', NULL, NULL, _binary 0x6566656666, NULL, NULL),
	(296, 0, 76, 0, 'CONTACT', 'SMS', 'message', _binary 0x676173646666, '2019-03-15 00:00:00', '123456789', 'Incoming', NULL, NULL, NULL, '2019-03-27 20:23:48', '1', '2019-03-27 20:24:38', '1', _binary 0x676173646666, NULL, NULL),
	(297, 0, 76, 0, 'CONTACT', 'SMS', 'message', _binary 0x657272, '2019-03-27 00:00:00', '123456789', 'Incoming', NULL, NULL, NULL, '2019-03-27 20:25:10', '1', NULL, NULL, _binary 0x657272, NULL, NULL),
	(298, 0, 76, 0, 'CONTACT', 'SMS', 'messag', _binary 0x65727465, '2019-03-08 00:00:00', '123456780', 'Incoming', NULL, NULL, NULL, '2019-03-27 20:26:51', '1', '2019-03-27 20:27:34', '1', _binary 0x65727465, NULL, NULL),
	(299, 0, 76, 0, 'CONTACT', 'SMS', 'meaasge', _binary 0x657265747774, '2019-03-14 00:00:00', '123456789', 'Incoming', NULL, NULL, NULL, '2019-03-28 13:03:54', '1', NULL, NULL, _binary 0x657265747774, NULL, NULL),
	(300, 0, 76, 0, 'CONTACT', 'SMS', 'message', _binary 0x6572676567, '2024-03-31 00:00:00', '123456789', 'Incoming', NULL, NULL, NULL, '2019-03-29 11:26:37', '1', NULL, NULL, _binary 0x6572676567, NULL, NULL),
	(301, 0, 76, 0, 'CONTACT', 'SMS', 'testh', NULL, '2019-03-29 00:00:00', '123456789', 'Incoming', NULL, NULL, NULL, '2019-03-29 12:46:54', '1', NULL, NULL, NULL, NULL, NULL),
	(302, 0, 76, 0, 'CONTACT', 'SMS', 'njjjjj', NULL, '2019-08-13 00:00:00', '123456789', 'Incoming', NULL, NULL, NULL, '2019-03-29 12:47:21', '1', NULL, NULL, NULL, NULL, NULL),
	(303, 0, 76, 0, 'CONTACT', 'SMS', 'message', _binary 0x6466686468, '2019-02-28 00:00:00', '123456789', 'Incoming', NULL, NULL, NULL, '2019-03-29 13:02:01', '1', NULL, NULL, _binary 0x6466686468, NULL, NULL),
	(304, 0, 76, 0, 'CONTACT', 'SMS', 'message', _binary 0x7364676466, '2019-03-29 00:00:00', '123456789', 'Incoming', NULL, NULL, NULL, '2019-03-29 13:02:45', '1', NULL, NULL, _binary 0x7364676466, NULL, NULL),
	(305, 0, 76, 0, 'CONTACT', 'SMS', 'hddft', _binary 0x6B686276, '2019-06-11 00:00:00', '123456789', 'Incoming', NULL, NULL, NULL, '2019-03-29 13:05:37', '1', NULL, NULL, _binary 0x6B686276, NULL, NULL),
	(306, 0, 76, 0, 'CONTACT', 'SMS', 'mefmwmefm', _binary 0x617772727472, '2019-01-01 00:00:00', '123456789', 'Incoming', NULL, NULL, NULL, '2019-03-29 13:07:18', '1', NULL, NULL, _binary 0x617772727472, NULL, NULL),
	(307, 138, 0, 0, 'SALES_LEAD', 'EMAIL', 'asasasas', _binary 0x61736173617361736173, '2019-04-10 00:00:00', NULL, 'OutGoing', NULL, 'wwww@ss.com', NULL, '2019-04-10 13:06:06', '1', NULL, NULL, NULL, _binary 0x443A2F4C4F47532F4D41494C5F4154544143484D454E545F31303034323031392F32303139303431303133303630343634345F43617461766F6461636F6D2E747874, _binary 0x61736173617361736173),
	(308, 65, 0, 0, 'SALES_LEAD', 'EMAIL', 'Sddsdsd', _binary 0x7361617361736173, '2019-04-12 00:00:00', NULL, 'OutGoing', NULL, 'javeed1227@gmail.com', NULL, '2019-04-12 12:11:46', '1', NULL, NULL, NULL, _binary 0x443A2F4C4F47532F4D41494C5F4154544143484D454E545F31323034323031392F32303139303431323132313134333731335F31312D30332D32303139204368616E6765732E747874, _binary 0x7361617361736173),
	(309, 147, 0, 0, 'SALES_LEAD', 'CALL', 'Rendez-vous', NULL, '2019-06-13 00:00:00', '1234567891', 'OutGoing', '8', NULL, NULL, '2019-06-13 10:33:49', '1', NULL, NULL, NULL, NULL, NULL),
	(310, 148, 0, 0, 'SALES_LEAD', 'CALL', 'Rendez-vous', NULL, '2019-06-13 00:00:00', '4567890987', 'OutGoing', '9', NULL, NULL, '2019-06-13 12:47:35', '1', NULL, NULL, NULL, NULL, NULL);
/*!40000 ALTER TABLE `activity_details` ENABLE KEYS */;

-- Dumping structure for table app_commerciale.adjustment_approver_mapping
CREATE TABLE IF NOT EXISTS `adjustment_approver_mapping` (
  `seq_id` int(11) NOT NULL AUTO_INCREMENT,
  `adjustment_id` int(20) DEFAULT NULL,
  `approver_id` int(11) DEFAULT NULL,
  `status` int(11) DEFAULT NULL COMMENT '0:pending|1:approved',
  `create_user` varchar(20) DEFAULT NULL,
  `create_date` datetime DEFAULT NULL,
  `approved_user` varchar(20) DEFAULT NULL,
  `approved_date` datetime DEFAULT NULL,
  `rejectReason` varchar(500) DEFAULT NULL,
  PRIMARY KEY (`seq_id`)
) ENGINE=InnoDB AUTO_INCREMENT=26 DEFAULT CHARSET=latin1;

-- Dumping data for table app_commerciale.adjustment_approver_mapping: ~25 rows (approximately)
/*!40000 ALTER TABLE `adjustment_approver_mapping` DISABLE KEYS */;
REPLACE INTO `adjustment_approver_mapping` (`seq_id`, `adjustment_id`, `approver_id`, `status`, `create_user`, `create_date`, `approved_user`, `approved_date`, `rejectReason`) VALUES
	(1, 439, 1, 1, '1', '2018-11-23 15:21:33', '1', '2019-01-18 18:23:57', NULL),
	(2, 440, 1, 1, '1', '2018-11-23 15:40:06', '1', '2019-01-18 17:52:06', NULL),
	(3, 441, 1, 1, '1', '2018-11-23 15:49:13', '1', '2019-01-08 16:23:41', NULL),
	(4, 443, 1, 1, '1', '2018-11-23 17:55:11', '1', '2019-01-18 17:51:06', NULL),
	(5, 444, 1, 1, '1', '2018-11-23 17:58:22', '1', '2018-12-28 14:27:02', NULL),
	(6, 445, 1, 1, '1', '2018-11-23 18:11:58', '1', '2018-12-28 14:24:29', NULL),
	(7, 445, 1, 1, '1', '2018-11-23 19:12:34', '1', '2018-12-28 14:24:29', NULL),
	(8, 448, 1, 1, '1', '2018-12-05 16:24:19', '1', '2018-12-28 13:01:17', NULL),
	(9, 510, 1, 1, '1', '2019-01-17 18:11:59', '1', '2019-01-17 18:12:56', NULL),
	(10, 530, 1, 1, '1', '2019-01-18 20:38:06', '1', '2019-02-25 17:06:22', NULL),
	(11, 531, 1, 1, '1', '2019-01-18 20:38:15', '1', '2019-02-25 17:08:27', NULL),
	(12, 532, 1, 1, '1', '2019-01-18 20:38:28', '1', '2019-02-25 17:05:34', NULL),
	(13, 533, 1, 1, '1', '2019-01-18 20:38:29', '1', '2019-01-18 22:21:22', NULL),
	(14, 535, 1, 1, '1', '2019-01-23 15:48:36', '1', '2019-01-23 15:50:56', NULL),
	(15, 546, 1, 1, '1', '2019-02-11 17:00:28', '1', '2019-02-11 17:00:57', NULL),
	(16, 587, 1, 1, '1', '2019-03-05 20:36:24', '1', '2019-03-08 13:36:47', NULL),
	(17, 600, 1, 0, '1', '2019-03-11 12:18:50', '1', '2019-04-12 20:17:46', NULL),
	(18, 612, 1, 1, '1', '2019-03-13 11:49:24', '1', '2019-04-13 15:57:21', NULL),
	(19, 613, 1, 1, '1', '2019-03-13 11:50:36', '1', '2019-04-13 15:55:18', NULL),
	(20, 614, 1, 1, '1', '2019-03-13 11:56:12', '1', '2019-04-13 15:48:12', NULL),
	(21, 890, 1, 0, '1', '2019-04-13 20:40:15', '0', NULL, NULL),
	(22, 891, 1, 1, '1', '2019-04-13 20:45:42', '1', '2019-04-13 21:22:48', NULL),
	(23, 892, 1, 1, '1', '2019-04-13 21:16:28', '1', '2019-04-13 21:19:07', NULL),
	(24, 895, 1, 0, '1', '2019-04-13 22:05:47', '0', NULL, NULL),
	(25, 898, 1, 1, '1', '2019-04-13 22:28:11', '1', '2019-04-13 22:28:52', NULL);
/*!40000 ALTER TABLE `adjustment_approver_mapping` ENABLE KEYS */;

-- Dumping structure for table app_commerciale.adjustment_details
CREATE TABLE IF NOT EXISTS `adjustment_details` (
  `seq_id` int(11) NOT NULL AUTO_INCREMENT,
  `adjustment_id` int(11) DEFAULT NULL,
  `profile_id` int(11) NOT NULL,
  `account_id` varchar(100) NOT NULL,
  `service_id` varchar(100) NOT NULL,
  `amount` varchar(40) DEFAULT NULL,
  `comment` varchar(100) DEFAULT NULL,
  `status` int(11) DEFAULT NULL,
  `adjustment_note` varchar(20) DEFAULT NULL,
  `reason` varchar(20) DEFAULT NULL,
  `chargeCode` varchar(20) DEFAULT NULL,
  `create_date` datetime DEFAULT NULL,
  `create_user` varchar(20) DEFAULT NULL,
  `modify_date` datetime DEFAULT NULL,
  `modify_user` varchar(20) DEFAULT NULL,
  `mvno_id` varchar(20) DEFAULT NULL,
  `type_of_adjustment` int(11) DEFAULT NULL,
  `order_id` varchar(20) DEFAULT NULL,
  PRIMARY KEY (`seq_id`)
) ENGINE=InnoDB AUTO_INCREMENT=34 DEFAULT CHARSET=latin1;

-- Dumping data for table app_commerciale.adjustment_details: ~33 rows (approximately)
/*!40000 ALTER TABLE `adjustment_details` DISABLE KEYS */;
REPLACE INTO `adjustment_details` (`seq_id`, `adjustment_id`, `profile_id`, `account_id`, `service_id`, `amount`, `comment`, `status`, `adjustment_note`, `reason`, `chargeCode`, `create_date`, `create_user`, `modify_date`, `modify_user`, `mvno_id`, `type_of_adjustment`, `order_id`) VALUES
	(1, 439, 500000844, '10000494', '85524010593', '32.0000', NULL, 1, '1', '1', '10', '2018-11-23 15:21:33', '1', '2019-01-18 18:23:57', '1', NULL, 15, NULL),
	(2, 440, 500000844, '10000494', '85524010593', '1000.0000', NULL, 1, '1', '1', '10', '2018-11-23 15:40:06', '1', '2019-01-18 17:52:06', '1', NULL, 15, NULL),
	(3, 441, 500000844, '10000494', '85524010593', '111.0000', NULL, 1, '1', '1', '10', '2018-11-23 15:49:13', '1', '2019-01-08 16:23:42', '1', NULL, 15, NULL),
	(4, 443, 500000844, '10000494', '85524010593', '9888.0000', NULL, 1, '1', '1', '10', '2018-11-23 17:55:11', '1', '2019-01-18 17:51:06', '1', NULL, 15, NULL),
	(5, 444, 500000844, '10000494', '85524010593', '6666.0000', NULL, 1, '1', '1', '10', '2018-11-23 17:58:22', '1', '2018-12-28 14:27:03', '1', NULL, 15, NULL),
	(6, 445, 500000844, '10000494', '85524010593', '54444', NULL, 1, '1', '1', '17', '2018-11-23 18:11:58', '1', '2018-12-28 14:24:30', '1', NULL, 15, NULL),
	(7, 446, 500000844, '10000494', '85524010593', '54444.0000', NULL, 0, '1', '1', '17', '2018-11-23 19:12:34', '1', NULL, NULL, NULL, 15, NULL),
	(8, 448, 500000844, '10000494', '85524010593', '123.0000', NULL, 1, '2', '1', '17', '2018-12-05 16:24:19', '1', '2018-12-28 13:01:18', '1', NULL, 15, NULL),
	(9, 510, 500002382, '1000001177', '5555550597', '12.00', 'test', 1, '1', '1', '10', '2019-01-17 18:11:59', '1', '2019-01-17 18:12:56', '1', NULL, 15, NULL),
	(10, 530, 500001628, '1000000537', '5555550343', '33.00', 'del', 1, '1', '1', '10', '2019-01-18 20:38:05', '1', '2019-02-25 17:06:22', '1', NULL, 15, NULL),
	(11, 531, 500001628, '1000000537', '5555550343', '456.00', 'delwin', 1, '1', '1', '10', '2019-01-18 20:38:15', '1', '2019-02-25 17:08:27', '1', NULL, 15, NULL),
	(12, 532, 500001628, '1000000537', '5555550343', '76.00', 'delwin', 1, '1', '2', '10', '2019-01-18 20:38:28', '1', '2019-02-25 17:05:34', '1', NULL, 15, NULL),
	(13, 533, 500001628, '1000000537', '5555550343', '76.00', 'delwin', 1, '1', '2', '10', '2019-01-18 20:38:29', '1', '2019-01-18 22:21:23', '1', NULL, 15, NULL),
	(14, 535, 500002662, '1000001526', '5555550725', '4.00', 'dadsasdas', 1, '1', '2', '10', '2019-01-23 15:48:36', '1', '2019-01-23 15:50:56', '1', NULL, 15, NULL),
	(15, 546, 500039683, '1000038347', '5555550786', '10.00', 'asdas', 1, '1', '1', '10', '2019-02-11 17:00:28', '1', '2019-02-11 17:00:57', '1', NULL, 15, NULL),
	(16, 587, 500053825, '1000052555', '55555523281', '20.00', 'sdasd', 1, '1', '1', '10', '2019-03-05 20:36:24', '1', '2019-03-08 13:36:48', '1', NULL, 15, NULL),
	(17, 600, 500001090, '1000001375', '5555550746', '123.00', 'sdfgh', 0, '1', '2', '10', '2019-03-11 12:18:50', '1', '2019-04-12 20:17:47', '1', NULL, 15, NULL),
	(18, 612, 500001090, '1000001375', '5555550746', '23.00', 'sdfgh', 1, '1', '1', '10', '2019-03-13 11:49:23', '1', '2019-04-13 15:57:22', '1', NULL, 15, NULL),
	(19, 613, 500001090, '1000001375', '5555550746', '3456.00', 'asdfghjk', 1, '1', '1', '10', '2019-03-13 11:50:36', '1', '2019-04-13 15:55:18', '1', NULL, 15, NULL),
	(20, 614, 500001090, '1000001375', '5555550746', '6789.00', 'fghjkl', 1, '2', '2', '4', '2019-03-13 11:56:12', '1', '2019-04-13 15:48:12', '1', NULL, 15, NULL),
	(21, 890, 500144856, '1000053190', '4680612666', '45.00', NULL, 0, '1', '5', '-', '2019-04-13 20:40:14', '1', NULL, NULL, NULL, 15, '11266333242496'),
	(22, 891, 500144856, '1000053190', '4680612666', '34.00', NULL, 1, '1', '5', '-', '2019-04-13 20:45:42', '1', '2019-04-13 21:22:48', '1', NULL, 15, '11266333570158'),
	(23, 892, 500144856, '1000053190', '4680612666', '34.00', NULL, 1, '1', '5', '-', '2019-04-13 21:16:28', '1', '2019-04-13 21:19:07', '1', NULL, 15, '11266335416576'),
	(24, 892, 0, '1000053190', '4680612666', '34.00', NULL, 0, '15', '5', NULL, '2019-04-13 21:19:09', '1', NULL, NULL, NULL, 0, '11266335576570'),
	(25, 891, 0, '1000053190', '4680612666', '34.00', NULL, 0, '15', '5', NULL, '2019-04-13 21:22:49', '1', NULL, NULL, NULL, 0, '11266335797510'),
	(26, 895, 500144856, '1000053190', '4680612666', '34.00', NULL, 0, '1', '5', '-', '2019-04-13 22:05:47', '1', NULL, NULL, NULL, 15, '11266338374839'),
	(27, 898, 500144856, '1000053190', '4680612666', '55.00', NULL, 1, '1', '5', '-', '2019-04-13 22:28:11', '1', '2019-04-13 22:28:53', '1', NULL, 15, '11266339718583'),
	(28, 898, 0, '1000053190', '4680612666', '55.00', NULL, 0, '15', '5', NULL, '2019-04-13 22:28:54', '1', NULL, NULL, NULL, 0, '11266339761671'),
	(29, 0, 0, '1000052899', '5555550669', '200', 'Credit adjustment comment', 0, '1', '1', '10', '2019-04-14 18:56:17', '1', NULL, NULL, NULL, 15, '11266413690433'),
	(30, 0, 0, '1000000537', '5555550343', '200.00', NULL, 0, '1', '1', '10', '2019-04-14 20:16:23', '1', NULL, NULL, NULL, 15, '11266418495320'),
	(31, 915, 0, '1000000537', '5555550350', '200.00', NULL, 0, '2', '2', '4', '2019-04-14 21:30:17', '1', NULL, NULL, NULL, 15, '11266422929822'),
	(32, 917, 0, '1000000537', '5555550343', '100.00', NULL, 0, '1', '1', '10', '2019-04-14 23:07:09', '1', NULL, NULL, NULL, 15, '11266428513190'),
	(33, 918, 0, '1000000537', '5555550350', '100.00', NULL, 0, '2', '2', '4', '2019-04-14 23:14:48', '1', NULL, NULL, NULL, 15, '11266429003975');
/*!40000 ALTER TABLE `adjustment_details` ENABLE KEYS */;

-- Dumping structure for table app_commerciale.apn_types
CREATE TABLE IF NOT EXISTS `apn_types` (
  `SEQ_ID` int(11) NOT NULL AUTO_INCREMENT,
  `APN_ID` varchar(20) DEFAULT NULL,
  `APN_NAME` varchar(20) DEFAULT NULL,
  `APN_TYPE` varchar(20) DEFAULT NULL COMMENT '3G/4G',
  PRIMARY KEY (`SEQ_ID`)
) ENGINE=InnoDB AUTO_INCREMENT=5 DEFAULT CHARSET=latin1;

-- Dumping data for table app_commerciale.apn_types: ~4 rows (approximately)
/*!40000 ALTER TABLE `apn_types` DISABLE KEYS */;
REPLACE INTO `apn_types` (`SEQ_ID`, `APN_ID`, `APN_NAME`, `APN_TYPE`) VALUES
	(1, '1', 'APN1', '3G'),
	(2, '2', 'APN2', '3G'),
	(3, '3', 'APN3', '4G'),
	(4, '4', 'APN4', '4G');
/*!40000 ALTER TABLE `apn_types` ENABLE KEYS */;

-- Dumping structure for table app_commerciale.approval_comment
CREATE TABLE IF NOT EXISTS `approval_comment` (
  `SEQ_ID` int(11) NOT NULL AUTO_INCREMENT,
  `STATUS` varchar(20) DEFAULT NULL,
  `COMMENT` varchar(20) DEFAULT NULL,
  `TYPE` varchar(20) DEFAULT NULL,
  `ORDER_ID` varchar(20) DEFAULT NULL,
  `CREATE_DATE` date DEFAULT NULL,
  PRIMARY KEY (`SEQ_ID`)
) ENGINE=InnoDB AUTO_INCREMENT=117 DEFAULT CHARSET=latin1;

-- Dumping data for table app_commerciale.approval_comment: ~115 rows (approximately)
/*!40000 ALTER TABLE `approval_comment` DISABLE KEYS */;
REPLACE INTO `approval_comment` (`SEQ_ID`, `STATUS`, `COMMENT`, `TYPE`, `ORDER_ID`, `CREATE_DATE`) VALUES
	(2, 'Create Deposit', 'rrrrr', 'Deposit', NULL, '2018-10-17'),
	(3, 'Create Deposit', 'mmm', 'Deposit', NULL, '2018-10-17'),
	(4, 'Create Refund', 'testrefund', 'Refund', NULL, '2018-10-23'),
	(5, 'Create Deposit', 'test1', 'Deposit', NULL, '2018-10-23'),
	(6, 'Create Refund', 'test', 'Refund', NULL, '2018-10-23'),
	(7, 'Create Deposit', 'test', 'Deposit', NULL, '2018-10-26'),
	(8, 'Create Deposit', 'rrrr', 'Deposit', NULL, '2018-10-26'),
	(9, 'Create Deposit', 'fffffffffff', 'Deposit', NULL, '2018-10-26'),
	(10, 'Create Deposit', 'yyyy', 'Deposit', NULL, '2018-10-28'),
	(11, 'Deposit Approval', 'refunddeposittest', 'Deposit', NULL, '2018-10-28'),
	(12, 'Create Deposit', 'test2', 'Deposit', NULL, '2018-10-28'),
	(13, 'Transfer Deposit', 'ggggggg', 'Deposit', NULL, '2018-10-28'),
	(14, 'Create Adjustment', 'rrrrrr', 'Adjustment', '11254141135471', '2018-11-23'),
	(15, 'Create Adjustment', 'fffffff', 'Adjustment', '11254141951814', '2018-11-23'),
	(16, 'Create Adjustment', 'vvvvvvv', 'Adjustment', '11254145587309', '2018-11-23'),
	(17, 'Create Adjustment', 'qweqw', 'Adjustment', '11255172291743', '2018-12-05'),
	(18, 'Create Deposit', '12312', 'Deposit', NULL, '2018-12-10'),
	(19, 'Create Deposit', 'eeee', 'Deposit', NULL, '2018-12-10'),
	(20, 'Create Deposit', '333', 'Deposit', NULL, '2018-12-10'),
	(21, 'Deposit Approval', 'asd', 'Deposit', NULL, '2018-12-14'),
	(22, 'Deposit Approval', '213', 'Deposit', NULL, '2018-12-14'),
	(23, 'Deposit Approval', '13123', 'Deposit', NULL, '2018-12-14'),
	(24, 'Create Deposit', '2', 'Deposit', NULL, '2018-12-17'),
	(25, 'Deposit Approval', 'qwewq', 'Deposit', NULL, '2018-12-19'),
	(26, 'Create Deposit', 'qweqw', 'Deposit', NULL, '2018-12-19'),
	(27, 'Create Deposit', 'qweq', 'Deposit', NULL, '2018-12-19'),
	(28, 'Deposit Approval', '2', 'Deposit', NULL, '2018-12-19'),
	(29, 'Deposit Approval', 'asd', 'Deposit', NULL, '2018-12-19'),
	(30, 'Create Deposit', '12312', 'Deposit', NULL, '2018-12-19'),
	(31, 'Deposit Approval', 'qwewqe', 'Deposit', NULL, '2018-12-19'),
	(32, 'Create Deposit', '12312', 'Deposit', NULL, '2018-12-19'),
	(33, 'Deposit Approval', 'wqeqw', 'Deposit', NULL, '2018-12-19'),
	(34, 'Deposit Approval', 'asdf', 'Deposit', NULL, '2018-12-19'),
	(35, 'Create Deposit', 'dfghjk', 'Deposit', NULL, '2018-12-19'),
	(36, 'Deposit Approval', 'asdas', 'Deposit', NULL, '2018-12-19'),
	(37, 'Deposit Approval', '12', 'Deposit', NULL, '2018-12-19'),
	(38, 'Create Deposit', 'eqwe', 'Deposit', NULL, '2018-12-19'),
	(39, 'Deposit Approval', 'sad', 'Deposit', NULL, '2018-12-19'),
	(40, 'Deposit Approval', 'sdfghj', 'Deposit', NULL, '2018-12-19'),
	(41, 'Deposit Approval', 'rrr', 'Deposit', NULL, '2018-12-19'),
	(42, 'Deposit Approval', '56789', 'Deposit', NULL, '2018-12-19'),
	(43, 'Deposit Approval', '56789', 'Deposit', NULL, '2018-12-19'),
	(44, 'Deposit Approval', '56789', 'Deposit', NULL, '2018-12-19'),
	(45, 'Create Deposit', '123', 'Deposit', NULL, '2018-12-19'),
	(46, 'Create Deposit', '123', 'Deposit', NULL, '2018-12-19'),
	(47, 'Create Deposit', '123', 'Deposit', NULL, '2018-12-19'),
	(48, 'Create Deposit', '123', 'Deposit', NULL, '2018-12-19'),
	(49, 'Create Deposit', '123', 'Deposit', NULL, '2018-12-19'),
	(50, 'Create Deposit', '123', 'Deposit', NULL, '2018-12-19'),
	(51, 'Create Deposit', '123', 'Deposit', NULL, '2018-12-19'),
	(52, 'Create Deposit', '123', 'Deposit', NULL, '2018-12-19'),
	(53, 'Create Deposit', '123', 'Deposit', NULL, '2018-12-19'),
	(54, 'Create Deposit', '123', 'Deposit', NULL, '2018-12-19'),
	(55, 'Create Deposit', '123', 'Deposit', NULL, '2018-12-19'),
	(56, 'Create Deposit', '123', 'Deposit', NULL, '2018-12-19'),
	(57, 'Create Deposit', '123', 'Deposit', NULL, '2018-12-19'),
	(58, 'Create Deposit', '123', 'Deposit', NULL, '2018-12-19'),
	(59, 'Create Deposit', '123', 'Deposit', NULL, '2018-12-19'),
	(60, 'Create Deposit', '123', 'Deposit', NULL, '2018-12-19'),
	(61, 'Create Deposit', 'weqw', 'Deposit', NULL, '2018-12-20'),
	(62, 'Deposit Approval', 'asd', 'Deposit', NULL, '2018-12-20'),
	(63, 'Create Deposit', 'asda', 'Deposit', NULL, '2018-12-20'),
	(64, 'Deposit Approval', 'ads', 'Deposit', NULL, '2018-12-20'),
	(65, 'Deposit Approval', 'weqwe', 'Deposit', NULL, '2018-12-20'),
	(66, 'Deposit Approval', '324', 'Deposit', NULL, '2018-12-20'),
	(67, 'Deposit Approval', '123', 'Deposit', NULL, '2018-12-20'),
	(68, 'Deposit Approval', '123123', 'Deposit', NULL, '2018-12-20'),
	(69, 'Create Deposit', 'rwerwer', 'Deposit', NULL, '2018-12-20'),
	(70, 'Deposit Approval', 'fd', 'Deposit', NULL, '2018-12-20'),
	(71, 'Deposit Approval', 'sewe', 'Deposit', NULL, '2018-12-20'),
	(72, 'Deposit Approval', 'qweqe', 'Deposit', NULL, '2018-12-20'),
	(73, 'Create Deposit', 'weqwe', 'Deposit', NULL, '2018-12-20'),
	(74, 'Deposit Approval', 'wew', 'Deposit', NULL, '2018-12-20'),
	(75, 'Deposit Approval', 'dsfsd', 'Deposit', NULL, '2018-12-20'),
	(76, 'Deposit Approval', 'eqweqwe', 'Deposit', NULL, '2018-12-20'),
	(77, 'Deposit Approval', '123', 'Deposit', NULL, '2018-12-20'),
	(78, 'Deposit Approval', '123', 'Deposit', NULL, '2018-12-20'),
	(79, 'Deposit Approval', '222', 'Deposit', NULL, '2018-12-20'),
	(80, 'Create Deposit', 'qweqwe', 'Deposit', NULL, '2018-12-20'),
	(81, 'Deposit Approval', 'sdfgh', 'Deposit', NULL, '2018-12-20'),
	(82, 'Create Deposit', '23423', 'Deposit', NULL, '2018-12-20'),
	(83, 'Deposit Approval', '234234', 'Deposit', NULL, '2018-12-20'),
	(84, 'Create Deposit', 'qweqwe', 'Deposit', NULL, '2018-12-20'),
	(85, 'Deposit Approval', '243', 'Deposit', NULL, '2018-12-20'),
	(86, 'Create Deposit', '312312', 'Deposit', NULL, '2018-12-20'),
	(87, 'Create Deposit', '123213', 'Deposit', NULL, '2018-12-20'),
	(88, 'Deposit Approval', 'qweq', 'Deposit', NULL, '2018-12-20'),
	(89, 'Create Deposit', '312312', 'Deposit', NULL, '2018-12-20'),
	(90, 'Deposit Approval', 'sdfgh', 'Deposit', NULL, '2018-12-20'),
	(91, 'Create Deposit', '23423', 'Deposit', NULL, '2018-12-20'),
	(92, 'Deposit Approval', 'dasd', 'Deposit', NULL, '2018-12-20'),
	(93, 'Create Deposit', '2343', 'Deposit', NULL, '2018-12-20'),
	(94, 'Deposit Approval', 'rt', 'Deposit', NULL, '2018-12-20'),
	(95, 'Deposit Approval', 'werwer', 'Deposit', NULL, '2018-12-20'),
	(96, 'Create Deposit', '3123', 'Deposit', NULL, '2018-12-21'),
	(97, 'Deposit Approval', 'ttttttttttttttttttt', 'Deposit', NULL, '2018-12-21'),
	(98, 'Create Deposit', '423', 'Deposit', NULL, '2018-12-21'),
	(99, 'Deposit Approval', 'qwe', 'Deposit', NULL, '2018-12-21'),
	(100, 'Create Deposit', '123123', 'Deposit', NULL, '2018-12-21'),
	(101, 'Deposit Approval', 'asdsad', 'Deposit', NULL, '2018-12-21'),
	(102, 'Create Deposit', '234234', 'Deposit', NULL, '2018-12-21'),
	(103, 'Create Deposit', 'wqwqw', 'Deposit', NULL, '2018-12-21'),
	(104, 'Deposit Approval', 'qeqwe', 'Deposit', NULL, '2018-12-21'),
	(105, 'Create Deposit', 'qweqweqweqwe', 'Deposit', NULL, '2018-12-21'),
	(106, 'Deposit Approval', '213', 'Deposit', NULL, '2018-12-21'),
	(107, 'Create Deposit', '123123', 'Deposit', NULL, '2018-12-21'),
	(108, 'Deposit Approval', 'qweqwe', 'Deposit', NULL, '2018-12-21'),
	(109, 'Create Deposit', '123', 'Deposit', NULL, '2018-12-21'),
	(110, 'Deposit Approval', '123', 'Deposit', NULL, '2018-12-21'),
	(111, 'Deposit Approval', '13', 'Deposit', NULL, '2018-12-21'),
	(112, 'Create Deposit', '12312', 'Deposit', NULL, '2018-12-21'),
	(113, 'Create Deposit', '213123', 'Deposit', NULL, '2018-12-21'),
	(114, 'Deposit Approval', '123123', 'Deposit', NULL, '2018-12-21'),
	(115, 'Deposit Approval', '213123', 'Deposit', NULL, '2018-12-21'),
	(116, 'Deposit Approval', 'weqwe', 'Deposit', NULL, '2018-12-21');
/*!40000 ALTER TABLE `approval_comment` ENABLE KEYS */;

-- Dumping structure for table app_commerciale.approval_status_mapping
CREATE TABLE IF NOT EXISTS `approval_status_mapping` (
  `SEQ_ID` int(11) NOT NULL DEFAULT '0',
  `APPROVAL_STATUS` varchar(100) NOT NULL DEFAULT '0',
  `CREATED_USER` varchar(100) DEFAULT NULL,
  `CREATED_DATE` datetime NOT NULL DEFAULT CURRENT_TIMESTAMP,
  `MODIFIED_USER` varchar(100) DEFAULT NULL,
  `MODIFIED_DATE` datetime DEFAULT NULL,
  `MVNO_ID` int(11) DEFAULT NULL,
  PRIMARY KEY (`SEQ_ID`)
) ENGINE=InnoDB DEFAULT CHARSET=latin1;

-- Dumping data for table app_commerciale.approval_status_mapping: ~4 rows (approximately)
/*!40000 ALTER TABLE `approval_status_mapping` DISABLE KEYS */;
REPLACE INTO `approval_status_mapping` (`SEQ_ID`, `APPROVAL_STATUS`, `CREATED_USER`, `CREATED_DATE`, `MODIFIED_USER`, `MODIFIED_DATE`, `MVNO_ID`) VALUES
	(0, 'PENDING', '1', '2019-02-06 18:10:17', 'null', '2019-02-06 18:10:21', 1),
	(1, 'APPROVED', '1', '2019-02-06 18:11:00', 'null', '2019-02-06 18:11:21', 1),
	(2, 'REJECTED', '1', '2019-02-06 18:11:37', 'null', '2019-02-06 18:11:38', 1),
	(3, 'APPROVAL NOT REQUIRED', '1', '2019-02-06 18:12:28', 'null', '2019-02-06 18:12:29', 1);
/*!40000 ALTER TABLE `approval_status_mapping` ENABLE KEYS */;

-- Dumping structure for table app_commerciale.approver_config
CREATE TABLE IF NOT EXISTS `approver_config` (
  `seq_id` int(11) NOT NULL AUTO_INCREMENT,
  `type` int(11) DEFAULT NULL,
  `userid` int(11) DEFAULT NULL,
  `teamId` varchar(20) DEFAULT NULL,
  `ownership` int(11) DEFAULT NULL COMMENT '1 :owner|0: not an owner',
  `team_name` varchar(50) DEFAULT NULL,
  `userOrder` int(11) DEFAULT NULL,
  `teamOrder` int(11) DEFAULT NULL,
  `mvnoId` varchar(11) DEFAULT NULL,
  `comment` blob,
  `create_date` datetime DEFAULT NULL,
  `create_user` int(11) DEFAULT NULL,
  `modify_user` int(11) DEFAULT NULL,
  `modify_date` datetime DEFAULT NULL,
  `max_amount` double DEFAULT NULL,
  PRIMARY KEY (`seq_id`)
) ENGINE=InnoDB AUTO_INCREMENT=176 DEFAULT CHARSET=latin1;

-- Dumping data for table app_commerciale.approver_config: ~22 rows (approximately)
/*!40000 ALTER TABLE `approver_config` DISABLE KEYS */;
REPLACE INTO `approver_config` (`seq_id`, `type`, `userid`, `teamId`, `ownership`, `team_name`, `userOrder`, `teamOrder`, `mvnoId`, `comment`, `create_date`, `create_user`, `modify_user`, `modify_date`, `max_amount`) VALUES
	(1, 15, 1, '1', 1, 'CRM Team', 1, 1, '1', NULL, '2018-11-23 13:25:04', 1, NULL, NULL, 5),
	(120, 7, 3, '1', 1, 'CRM Team', 1, 1, '200', NULL, '2019-02-18 21:41:54', 1, NULL, NULL, NULL),
	(121, 7, 2, '2', 1, 'Technical Team', 1, 2, '200', NULL, '2019-02-18 21:41:54', 1, NULL, NULL, NULL),
	(122, 7, 1, '1', 1, 'CRM Team', 1, 1, '200', NULL, '2019-02-18 21:41:54', 1, NULL, NULL, NULL),
	(125, 12, 1, '1', 1, 'CRM Team', 1, 1, '200', NULL, '2019-03-07 13:30:50', 1, NULL, NULL, NULL),
	(126, 12, 2, '2', 1, 'Technical Team', 1, 2, '200', NULL, '2019-03-07 13:30:50', 1, NULL, NULL, NULL),
	(127, 14, 1, '1', 1, 'CRM Team', 1, 1, '200', NULL, '2019-03-07 13:40:28', 1, NULL, NULL, NULL),
	(139, 10, 1, '1', 1, 'CRM Team', 1, 1, '200', NULL, '2019-03-08 13:35:38', 1, NULL, NULL, NULL),
	(140, 10, 2, '2', 1, 'Technical Team', 1, 1, '200', NULL, '2019-03-08 13:35:38', 1, NULL, NULL, NULL),
	(159, 3, 3, '1', 1, 'CRM Team', 1, 1, '200', NULL, '2019-03-29 00:02:07', 1, NULL, NULL, NULL),
	(160, 3, 4, '2', 1, 'Technical Team', 1, 1, '200', NULL, '2019-03-29 00:02:07', 1, NULL, NULL, NULL),
	(161, 3, 64, '4', 1, 'Provisioning', 2, 3, '200', NULL, '2019-03-29 00:02:07', 1, NULL, NULL, NULL),
	(162, 3, 9, '9', 1, 'IT-team', 2, 4, '200', NULL, '2019-03-29 00:02:07', 1, NULL, NULL, NULL),
	(165, 5, 1, '1', 1, 'CRM Team', 2, 1, '200', NULL, '2019-04-01 18:41:38', 1, NULL, NULL, 1),
	(166, 5, 3, '1', 1, 'CRM Team', 1, 1, '200', NULL, '2019-04-01 18:41:38', 1, NULL, NULL, NULL),
	(169, 17, 1, '1', 1, 'CRM Team', 1, 1, '200', NULL, '2019-04-03 21:22:58', 1, NULL, NULL, 50),
	(170, 2, 1, '1', 1, 'CRM Team', 1, 1, '200', NULL, '2019-04-11 19:40:42', 1, NULL, NULL, 100),
	(171, 2, 3, '1', 1, 'CRM Team', 1, 1, '200', NULL, '2019-04-11 19:40:42', 1, NULL, NULL, 100),
	(172, 2, 2, '2', 1, 'Technical Team', 1, 2, '200', NULL, '2019-04-11 19:40:42', 1, NULL, NULL, NULL),
	(173, 2, 59, '3', 1, 'Finance', 1, 2, '200', NULL, '2019-04-11 19:40:42', 1, NULL, NULL, NULL),
	(174, 2, 35, '3', 0, 'Finance', 0, 2, '200', NULL, '2019-04-11 19:40:42', 1, NULL, NULL, NULL),
	(175, 2, 8, '3', 0, 'Finance', 0, 2, '200', NULL, '2019-04-11 19:40:42', 1, NULL, NULL, NULL);
/*!40000 ALTER TABLE `approver_config` ENABLE KEYS */;

-- Dumping structure for table app_commerciale.approver_type_details
CREATE TABLE IF NOT EXISTS `approver_type_details` (
  `SEQ_ID` int(11) NOT NULL AUTO_INCREMENT,
  `TYPE_VALUE` varchar(30) DEFAULT NULL,
  `TYPE_NAME` varchar(20) DEFAULT NULL,
  `LANGUAGE_ID` int(11) DEFAULT NULL,
  `DESCRIPTION` varchar(100) DEFAULT NULL,
  `BASE_TYPE` varchar(100) DEFAULT NULL,
  `TEAM_ID` int(11) DEFAULT '0',
  PRIMARY KEY (`SEQ_ID`)
) ENGINE=InnoDB AUTO_INCREMENT=15 DEFAULT CHARSET=latin1;

-- Dumping data for table app_commerciale.approver_type_details: ~10 rows (approximately)
/*!40000 ALTER TABLE `approver_type_details` DISABLE KEYS */;
REPLACE INTO `approver_type_details` (`SEQ_ID`, `TYPE_VALUE`, `TYPE_NAME`, `LANGUAGE_ID`, `DESCRIPTION`, `BASE_TYPE`, `TEAM_ID`) VALUES
	(2, '2', 'Refund', 1, 'Refund', '2', 0),
	(3, '3', 'Adjustment', 1, 'Adjustment', '3', 0),
	(5, '5', 'Dispute', 1, 'Dispute', '5', 0),
	(8, '15', 'Adjustment for CRM', 1, 'Adjustment', '15', 0),
	(9, '17', 'Deposit', 1, 'Deposit', '17', 0),
	(10, '7', 'SALES LEAD', 1, 'Sales Lead', '7', 0),
	(11, '10', 'Sales Lead for CRM', 1, 'Sales Lead Team Config', '7', 1),
	(12, '12', 'SA Form Waiver', 1, 'Sa form waiver Approval flow', '12', 0),
	(13, '13', 'SA form Vetting', 1, 'Sa form vetting approval flow', '13', 0),
	(14, '14', 'Quotation Approval', 1, 'Approval for quotation with discount', '14', 0);
/*!40000 ALTER TABLE `approver_type_details` ENABLE KEYS */;

-- Dumping structure for table app_commerciale.article
CREATE TABLE IF NOT EXISTS `article` (
  `AR_ID` int(11) NOT NULL AUTO_INCREMENT,
  `AR_CODE` varchar(50) DEFAULT NULL,
  `AR_DESIGNATION` varchar(100) DEFAULT NULL,
  `AR_CATEGORIE` int(11) DEFAULT NULL,
  `AR_PRIX_UNITAIRE` int(11) DEFAULT NULL,
  `AR_CREATED` timestamp NULL DEFAULT CURRENT_TIMESTAMP ON UPDATE CURRENT_TIMESTAMP,
  `AR_REMISE` int(5) DEFAULT NULL,
  PRIMARY KEY (`AR_ID`),
  KEY `AR_DESIGNATION` (`AR_DESIGNATION`)
) ENGINE=InnoDB AUTO_INCREMENT=3 DEFAULT CHARSET=latin1;

-- Dumping data for table app_commerciale.article: ~2 rows (approximately)
/*!40000 ALTER TABLE `article` DISABLE KEYS */;
REPLACE INTO `article` (`AR_ID`, `AR_CODE`, `AR_DESIGNATION`, `AR_CATEGORIE`, `AR_PRIX_UNITAIRE`, `AR_CREATED`, `AR_REMISE`) VALUES
	(1, 'UW', 'UNIWAX', 1, 5000, '2019-09-12 23:11:11', 200),
	(2, 'BARIBLEU', 'BASIN RICHE BLEU', 2, 50000, '2019-09-12 23:11:22', 500);
/*!40000 ALTER TABLE `article` ENABLE KEYS */;

-- Dumping structure for view app_commerciale.article_view
-- Creating temporary table to overcome VIEW dependency errors
CREATE TABLE `article_view` (
	`ID` INT(11) NOT NULL,
	`DESIGNATION` VARCHAR(100) NULL COLLATE 'latin1_swedish_ci',
	`CODE` VARCHAR(50) NULL COLLATE 'latin1_swedish_ci',
	`PRIX_UNITAIRE` INT(11) NULL,
	`CODE_CATEGORIE` VARCHAR(50) NULL COLLATE 'latin1_swedish_ci'
) ENGINE=MyISAM;

-- Dumping structure for table app_commerciale.attachment_details
CREATE TABLE IF NOT EXISTS `attachment_details` (
  `SEQ_ID` int(11) NOT NULL AUTO_INCREMENT,
  `FILE_NAME` varchar(500) CHARACTER SET latin1 DEFAULT NULL,
  `FILE_PATH` varchar(700) CHARACTER SET latin1 DEFAULT NULL,
  `SALES_LEAD_ID` int(11) DEFAULT NULL,
  `CONTACT_ID` int(11) DEFAULT NULL,
  `OPPORTUNITY_ID` int(11) DEFAULT NULL,
  `QUOTATION_ID` int(11) DEFAULT '0',
  `ORDER_ID` varchar(100) DEFAULT NULL,
  `TYPE` varchar(30) CHARACTER SET latin1 DEFAULT NULL,
  `DESCRIPTION` blob,
  `STATUS` int(1) DEFAULT '0',
  `CREATE_DATE` datetime NOT NULL,
  `CREATE_USER` varchar(20) CHARACTER SET latin1 DEFAULT NULL,
  `MODIFY_DATE` datetime DEFAULT NULL,
  `MODIFY_USER` varchar(20) CHARACTER SET latin1 DEFAULT NULL,
  `COMMENT` blob,
  `FILE_DATA` longblob,
  `FILE_TYPE_ID` varchar(10) DEFAULT NULL,
  `QHSE_TYPE` int(1) NOT NULL DEFAULT '0',
  PRIMARY KEY (`SEQ_ID`)
) ENGINE=InnoDB DEFAULT CHARSET=utf8;

-- Dumping data for table app_commerciale.attachment_details: ~0 rows (approximately)
/*!40000 ALTER TABLE `attachment_details` DISABLE KEYS */;
/*!40000 ALTER TABLE `attachment_details` ENABLE KEYS */;

-- Dumping structure for table app_commerciale.auth
CREATE TABLE IF NOT EXISTS `auth` (
  `id` int(11) NOT NULL AUTO_INCREMENT,
  `user_name` varchar(255) NOT NULL,
  `user_email` varchar(255) NOT NULL,
  `password` varchar(255) NOT NULL,
  `role` varchar(255) NOT NULL,
  `is_active` tinyint(1) NOT NULL DEFAULT '0',
  `d_o_c` date NOT NULL,
  PRIMARY KEY (`id`)
) ENGINE=InnoDB AUTO_INCREMENT=3 DEFAULT CHARSET=latin1;

-- Dumping data for table app_commerciale.auth: ~2 rows (approximately)
/*!40000 ALTER TABLE `auth` DISABLE KEYS */;
REPLACE INTO `auth` (`id`, `user_name`, `user_email`, `password`, `role`, `is_active`, `d_o_c`) VALUES
	(1, 'admin', 'pariharvikram1989@gmail.com', 'd033e22ae348aeb5660fc2140aec35850c4da997', 'admin', 1, '2014-08-01'),
	(2, 'vikram', 'vikram@vikram.com', 'd033e22ae348aeb5660fc2140aec35850c4da997', 'regular', 1, '2014-09-05');
/*!40000 ALTER TABLE `auth` ENABLE KEYS */;

-- Dumping structure for table app_commerciale.categorie
CREATE TABLE IF NOT EXISTS `categorie` (
  `CATEG_ID` int(11) NOT NULL AUTO_INCREMENT,
  `CATEG_IMG_URL` varchar(300) DEFAULT NULL,
  `CATEG_CODE` varchar(50) DEFAULT NULL,
  `CATEG_DESIGNATION` varchar(100) DEFAULT NULL,
  `CATEG_REMISE_POURCENTAGE` int(11) DEFAULT NULL,
  `CATEG_CREATED` timestamp NULL DEFAULT CURRENT_TIMESTAMP ON UPDATE CURRENT_TIMESTAMP,
  `CATEG_NUM` int(11) DEFAULT NULL,
  `CATEG_PRIX_UNITAIRE` int(11) DEFAULT NULL,
  PRIMARY KEY (`CATEG_ID`)
) ENGINE=InnoDB AUTO_INCREMENT=15 DEFAULT CHARSET=latin1;

-- Dumping data for table app_commerciale.categorie: ~14 rows (approximately)
/*!40000 ALTER TABLE `categorie` DISABLE KEYS */;
REPLACE INTO `categorie` (`CATEG_ID`, `CATEG_IMG_URL`, `CATEG_CODE`, `CATEG_DESIGNATION`, `CATEG_REMISE_POURCENTAGE`, `CATEG_CREATED`, `CATEG_NUM`, `CATEG_PRIX_UNITAIRE`) VALUES
	(1, 'upload_categ_images/wax.png', 'WAX', 'WAX', NULL, '2019-10-12 17:51:07', 12, 2000),
	(2, 'upload_categ_images/basin.jpg', 'BAS', 'BASIN', NULL, '2019-10-12 17:51:15', 13, 3000),
	(3, 'upload_categ_images/lace.jpg', 'LAC', 'LACE', NULL, '2019-10-12 17:51:19', 14, 2500),
	(4, 'upload_categ_images/php.jpg', 'PHP', 'PHP', NULL, '2019-10-12 17:51:28', 7, 1000),
	(5, 'upload_categ_images/hitarget.jpg', 'HIT', 'HITARGET', NULL, '2019-10-12 17:51:58', 1, 4000),
	(6, 'upload_categ_images/chiganvy.jpg', 'CHIG', 'TCHIGANVY', NULL, '2019-10-12 17:51:53', 2, 5000),
	(7, 'upload_categ_images/hollantex.jpg', 'HOL', 'HOLLANTEX', NULL, '2019-10-12 17:52:15', 3, 4500),
	(8, 'upload_categ_images/sanhe.png', 'SAN', 'SANHE', NULL, '2019-10-12 17:52:21', 6, 4000),
	(9, 'upload_categ_images/hollande.jpg', 'HLD', 'HOLLANDE', NULL, '2019-10-12 17:52:25', 8, 4000),
	(10, 'upload_categ_images/suphollande.jpg', 'SUP', 'SUPHOLLANDE', NULL, '2019-10-12 17:52:30', 10, 5500),
	(11, 'upload_categ_images/vlisco.jpg', 'VLI', 'VLISCO', NULL, '2019-10-12 17:52:34', 9, 5200),
	(12, 'upload_categ_images/abc.png', 'ABC', 'ABC', NULL, '2019-10-12 17:52:39', 4, 4200),
	(13, 'upload_categ_images/gtp.png', 'GTP', 'GTP', NULL, '2019-10-12 17:52:42', 5, 4200),
	(14, 'upload_categ_images/mafamille.jpg', 'MAF', 'MAFAMILLE', 0, '2019-10-12 17:52:51', 11, 3800);
/*!40000 ALTER TABLE `categorie` ENABLE KEYS */;

-- Dumping structure for table app_commerciale.categorie_magasin
CREATE TABLE IF NOT EXISTS `categorie_magasin` (
  `CM_CATEG_ID` int(11) DEFAULT NULL,
  `CM_MAGASIN_ID` int(11) DEFAULT NULL,
  `CM_STOCK_MIN` int(11) DEFAULT NULL,
  `CM_STOCK_MAX` int(11) DEFAULT NULL
) ENGINE=MyISAM DEFAULT CHARSET=latin1;

-- Dumping data for table app_commerciale.categorie_magasin: 1 rows
/*!40000 ALTER TABLE `categorie_magasin` DISABLE KEYS */;
REPLACE INTO `categorie_magasin` (`CM_CATEG_ID`, `CM_MAGASIN_ID`, `CM_STOCK_MIN`, `CM_STOCK_MAX`) VALUES
	(12, 1, 5, 100);
/*!40000 ALTER TABLE `categorie_magasin` ENABLE KEYS */;

-- Dumping structure for table app_commerciale.client
CREATE TABLE IF NOT EXISTS `client` (
  `CLI_ID` int(11) NOT NULL AUTO_INCREMENT,
  `CLI_NOM` varchar(100) DEFAULT NULL,
  `CLI_PRENOM` varchar(50) DEFAULT NULL,
  `CLI_TEL1` varchar(30) DEFAULT NULL,
  `CLI_TEL2` varchar(30) DEFAULT NULL,
  `CLI_WHATSAPP` varchar(30) DEFAULT NULL,
  `CLI_POURCENTAGE_REMISE` int(11) DEFAULT NULL,
  `CLI_CREATED` timestamp NULL DEFAULT CURRENT_TIMESTAMP ON UPDATE CURRENT_TIMESTAMP,
  PRIMARY KEY (`CLI_ID`)
) ENGINE=InnoDB AUTO_INCREMENT=8 DEFAULT CHARSET=latin1;

-- Dumping data for table app_commerciale.client: ~7 rows (approximately)
/*!40000 ALTER TABLE `client` DISABLE KEYS */;
REPLACE INTO `client` (`CLI_ID`, `CLI_NOM`, `CLI_PRENOM`, `CLI_TEL1`, `CLI_TEL2`, `CLI_WHATSAPP`, `CLI_POURCENTAGE_REMISE`, `CLI_CREATED`) VALUES
	(1, 'AKPOTO', 'JEAN', '22890538881', NULL, '22890538881', 0, '2019-10-09 17:36:14'),
	(2, 'ZINAR', 'JUDE', '22890538881', NULL, NULL, NULL, '2019-10-09 17:35:01'),
	(3, 'BAYENA', 'FOFO', '22890538881', NULL, NULL, NULL, '2019-10-09 17:35:04'),
	(4, 'ALAZA', 'Meheza', '22890538881', NULL, NULL, NULL, '2019-10-09 17:35:08'),
	(5, 'CLIENT', 'CLIENT', '22890538881', NULL, NULL, NULL, '2019-10-09 17:35:12'),
	(6, 'ALATE', 'Km', NULL, NULL, NULL, NULL, '2019-10-09 17:46:55'),
	(7, 'ALEGBA', 'Hala', '22890538881', '', '', NULL, '2019-10-09 17:52:20');
/*!40000 ALTER TABLE `client` ENABLE KEYS */;

-- Dumping structure for view app_commerciale.client_view
-- Creating temporary table to overcome VIEW dependency errors
CREATE TABLE `client_view` (
	`CLI_ID` INT(11) NOT NULL,
	`CLI_NOM` VARCHAR(100) NULL COLLATE 'latin1_swedish_ci',
	`CLI_PRENOM` VARCHAR(50) NULL COLLATE 'latin1_swedish_ci',
	`CLI_CREATED` TIMESTAMP NULL,
	`CLI_TEL1` VARCHAR(30) NULL COLLATE 'latin1_swedish_ci',
	`CLI_WHATSAPP` VARCHAR(30) NULL COLLATE 'latin1_swedish_ci',
	`VENTE_TOTALE` VARCHAR(77) NULL COLLATE 'utf8mb4_general_ci',
	`REGLEMENT_TOTAL` VARCHAR(77) NULL COLLATE 'utf8mb4_general_ci',
	`RESTE_TOTAL` VARCHAR(78) NULL COLLATE 'utf8mb4_general_ci'
) ENGINE=MyISAM;

-- Dumping structure for table app_commerciale.depense
CREATE TABLE IF NOT EXISTS `depense` (
  `DEPE_ID` int(11) NOT NULL AUTO_INCREMENT,
  `DEPE_MONTANT` int(11) NOT NULL DEFAULT '0',
  `DEP_RAISON` varchar(100) NOT NULL DEFAULT '0',
  `DEP_CREATED` datetime NOT NULL DEFAULT CURRENT_TIMESTAMP,
  PRIMARY KEY (`DEPE_ID`)
) ENGINE=InnoDB DEFAULT CHARSET=latin1;

-- Dumping data for table app_commerciale.depense: ~0 rows (approximately)
/*!40000 ALTER TABLE `depense` DISABLE KEYS */;
/*!40000 ALTER TABLE `depense` ENABLE KEYS */;

-- Dumping structure for table app_commerciale.depot
CREATE TABLE IF NOT EXISTS `depot` (
  `DEP_ID` int(11) DEFAULT NULL,
  `DEP_CODE` varchar(50) DEFAULT NULL,
  `DEP_CLIENT` int(11) DEFAULT NULL,
  `DEP_MONTANT` int(11) DEFAULT NULL,
  `DEP_DATE` datetime DEFAULT NULL
) ENGINE=InnoDB DEFAULT CHARSET=latin1;

-- Dumping data for table app_commerciale.depot: ~0 rows (approximately)
/*!40000 ALTER TABLE `depot` DISABLE KEYS */;
/*!40000 ALTER TABLE `depot` ENABLE KEYS */;

-- Dumping structure for table app_commerciale.fournisseur
CREATE TABLE IF NOT EXISTS `fournisseur` (
  `FOURN_ID` int(11) NOT NULL AUTO_INCREMENT,
  `FOURN_NOM` varchar(100) DEFAULT NULL,
  `FOURN_PRENOM` varchar(50) DEFAULT NULL,
  `FOURN_TEL1` varchar(30) DEFAULT NULL,
  `FOURN_TEL2` varchar(30) DEFAULT NULL,
  `FOURN_WHATSAPP` varchar(30) DEFAULT NULL,
  `FOURN_POURCENTAGE_REMISE` int(11) DEFAULT NULL,
  `FOURN_CREATED` timestamp NULL DEFAULT CURRENT_TIMESTAMP ON UPDATE CURRENT_TIMESTAMP,
  PRIMARY KEY (`FOURN_ID`)
) ENGINE=InnoDB AUTO_INCREMENT=2 DEFAULT CHARSET=latin1;

-- Dumping data for table app_commerciale.fournisseur: ~0 rows (approximately)
/*!40000 ALTER TABLE `fournisseur` DISABLE KEYS */;
REPLACE INTO `fournisseur` (`FOURN_ID`, `FOURN_NOM`, `FOURN_PRENOM`, `FOURN_TEL1`, `FOURN_TEL2`, `FOURN_WHATSAPP`, `FOURN_POURCENTAGE_REMISE`, `FOURN_CREATED`) VALUES
	(1, 'AZHAM', 'HASSAN', '009185745588991', NULL, NULL, NULL, '2019-10-12 08:52:56');
/*!40000 ALTER TABLE `fournisseur` ENABLE KEYS */;

-- Dumping structure for view app_commerciale.fournisseur_view
-- Creating temporary table to overcome VIEW dependency errors
CREATE TABLE `fournisseur_view` (
	`FOURN_ID` INT(11) NOT NULL,
	`FOURN_NOM` VARCHAR(100) NULL COLLATE 'latin1_swedish_ci',
	`FOURN_PRENOM` VARCHAR(50) NULL COLLATE 'latin1_swedish_ci',
	`FOURN_CREATED` TIMESTAMP NULL,
	`FOURN_TEL1` VARCHAR(30) NULL COLLATE 'latin1_swedish_ci',
	`FOURN_WHATSAPP` VARCHAR(30) NULL COLLATE 'latin1_swedish_ci',
	`ACHAT_TOTAL` VARCHAR(77) NULL COLLATE 'utf8mb4_general_ci',
	`REGLEMENT_TOTAL` VARCHAR(77) NULL COLLATE 'utf8mb4_general_ci',
	`RESTE_TOTAL` VARCHAR(78) NULL COLLATE 'utf8mb4_general_ci'
) ENGINE=MyISAM;

-- Dumping structure for table app_commerciale.groups
CREATE TABLE IF NOT EXISTS `groups` (
  `id` mediumint(8) unsigned NOT NULL AUTO_INCREMENT,
  `name` varchar(20) NOT NULL,
  `description` varchar(100) NOT NULL,
  PRIMARY KEY (`id`)
) ENGINE=InnoDB AUTO_INCREMENT=4 DEFAULT CHARSET=utf8;

-- Dumping data for table app_commerciale.groups: ~3 rows (approximately)
/*!40000 ALTER TABLE `groups` DISABLE KEYS */;
REPLACE INTO `groups` (`id`, `name`, `description`) VALUES
	(1, 'admin', 'Administrator'),
	(2, 'members', 'General User'),
	(3, 'down', 'down group');
/*!40000 ALTER TABLE `groups` ENABLE KEYS */;

-- Dumping structure for table app_commerciale.informations_commerce
CREATE TABLE IF NOT EXISTS `informations_commerce` (
  `id` int(11) NOT NULL AUTO_INCREMENT,
  `logo` varchar(30) NOT NULL,
  `name` varchar(40) NOT NULL,
  `quartier` varchar(30) NOT NULL,
  `type` varchar(20) NOT NULL,
  PRIMARY KEY (`id`)
) ENGINE=InnoDB AUTO_INCREMENT=2 DEFAULT CHARSET=latin1;

-- Dumping data for table app_commerciale.informations_commerce: ~0 rows (approximately)
/*!40000 ALTER TABLE `informations_commerce` DISABLE KEYS */;
REPLACE INTO `informations_commerce` (`id`, `logo`, `name`, `quartier`, `type`) VALUES
	(1, '', 'SANTA AGATA', 'ADAWLATO', 'EDL');
/*!40000 ALTER TABLE `informations_commerce` ENABLE KEYS */;

-- Dumping structure for table app_commerciale.inventaire
CREATE TABLE IF NOT EXISTS `inventaire` (
  `INV_ID` int(11) NOT NULL AUTO_INCREMENT,
  `INV_CREATED` datetime DEFAULT CURRENT_TIMESTAMP,
  `INV_NUMERO` varchar(50) DEFAULT NULL,
  `INV_DESCRIPTION` varchar(100) DEFAULT NULL,
  PRIMARY KEY (`INV_ID`)
) ENGINE=InnoDB AUTO_INCREMENT=8 DEFAULT CHARSET=latin1;

-- Dumping data for table app_commerciale.inventaire: ~7 rows (approximately)
/*!40000 ALTER TABLE `inventaire` DISABLE KEYS */;
REPLACE INTO `inventaire` (`INV_ID`, `INV_CREATED`, `INV_NUMERO`, `INV_DESCRIPTION`) VALUES
	(1, '2019-10-15 22:03:36', 'INV001', NULL),
	(2, '2019-10-17 19:35:47', NULL, NULL),
	(3, '2019-10-17 19:40:37', NULL, NULL),
	(4, '2019-10-17 19:47:29', 'INV', NULL),
	(5, '2019-10-17 20:02:07', 'INV', NULL),
	(6, '2019-10-17 20:07:27', 'INV', NULL),
	(7, '2019-10-29 20:43:59', 'INV', NULL);
/*!40000 ALTER TABLE `inventaire` ENABLE KEYS */;

-- Dumping structure for table app_commerciale.inventaire_article_magasin
CREATE TABLE IF NOT EXISTS `inventaire_article_magasin` (
  `IAM_ID` int(11) NOT NULL AUTO_INCREMENT,
  `IAM_INVENTAIRE_ID` int(11) NOT NULL DEFAULT '0',
  `IAM_CATEG_ID` int(11) DEFAULT NULL,
  `IAM_MAG_ID` int(11) DEFAULT NULL,
  `IAM_QUANTITE` int(11) DEFAULT NULL,
  `IAM_DATE_CREATION` datetime DEFAULT CURRENT_TIMESTAMP,
  `IAM_CATEG_PRIX` int(11) DEFAULT NULL,
  PRIMARY KEY (`IAM_ID`)
) ENGINE=InnoDB AUTO_INCREMENT=99 DEFAULT CHARSET=latin1;

-- Dumping data for table app_commerciale.inventaire_article_magasin: ~98 rows (approximately)
/*!40000 ALTER TABLE `inventaire_article_magasin` DISABLE KEYS */;
REPLACE INTO `inventaire_article_magasin` (`IAM_ID`, `IAM_INVENTAIRE_ID`, `IAM_CATEG_ID`, `IAM_MAG_ID`, `IAM_QUANTITE`, `IAM_DATE_CREATION`, `IAM_CATEG_PRIX`) VALUES
	(1, 1, 1, 1, 2, '2019-10-15 22:04:40', 25000),
	(2, 1, 2, 1, 5, '2019-10-15 22:18:18', NULL),
	(3, 1, 3, 1, 4, '2019-10-15 22:18:55', NULL),
	(4, 1, 4, 1, 4, '2019-10-15 22:19:13', NULL),
	(5, 1, 5, 1, 5, '2019-10-15 22:19:39', NULL),
	(6, 1, 6, 1, 18, '2019-10-15 22:20:09', NULL),
	(7, 1, 7, 1, 14, '2019-10-15 22:20:27', NULL),
	(8, 1, 8, 1, 15, '2019-10-15 22:21:10', NULL),
	(9, 1, 9, 1, 12, '2019-10-15 22:21:36', NULL),
	(10, 1, 10, 1, 15, '2019-10-15 22:22:11', NULL),
	(11, 1, 11, 1, 20, '2019-10-15 22:22:47', NULL),
	(12, 1, 12, 1, 30, '2019-10-15 22:23:10', NULL),
	(13, 1, 13, 1, 15, '2019-10-15 22:23:30', NULL),
	(14, 1, 14, 1, 25, '2019-10-15 22:23:51', NULL),
	(15, 1, 1, 2, 2000, '2019-10-15 22:04:40', 25000),
	(16, 1, 2, 2, 5, '2019-10-15 22:18:18', NULL),
	(17, 1, 3, 2, 4, '2019-10-15 22:18:55', NULL),
	(18, 1, 4, 2, 4, '2019-10-15 22:19:13', NULL),
	(19, 1, 5, 2, 5, '2019-10-15 22:19:39', NULL),
	(20, 1, 6, 2, 18, '2019-10-15 22:20:09', NULL),
	(21, 1, 7, 2, 14, '2019-10-15 22:20:27', NULL),
	(22, 1, 8, 2, 15, '2019-10-15 22:21:10', NULL),
	(23, 1, 9, 2, 12, '2019-10-15 22:21:36', NULL),
	(24, 1, 10, 2, 15, '2019-10-15 22:22:11', NULL),
	(25, 1, 11, 2, 20, '2019-10-15 22:22:47', NULL),
	(26, 1, 12, 2, 30, '2019-10-15 22:23:10', NULL),
	(27, 1, 13, 2, 15, '2019-10-15 22:23:30', NULL),
	(28, 1, 14, 2, 25, '2019-10-15 22:23:51', NULL),
	(29, 1, 1, 3, 2, '2019-10-15 22:04:40', 25000),
	(30, 1, 2, 3, 5, '2019-10-15 22:18:18', NULL),
	(31, 1, 3, 3, 4, '2019-10-15 22:18:55', NULL),
	(32, 1, 4, 3, 4, '2019-10-15 22:19:13', NULL),
	(33, 1, 5, 3, 5, '2019-10-15 22:19:39', NULL),
	(34, 1, 6, 3, 18, '2019-10-15 22:20:09', NULL),
	(35, 1, 7, 3, 14, '2019-10-15 22:20:27', NULL),
	(36, 1, 8, 3, 15, '2019-10-15 22:21:10', NULL),
	(37, 1, 9, 3, 12, '2019-10-15 22:21:36', NULL),
	(38, 1, 10, 3, 15, '2019-10-15 22:22:11', NULL),
	(39, 1, 11, 3, 20, '2019-10-15 22:22:47', NULL),
	(40, 1, 12, 3, 30, '2019-10-15 22:23:10', NULL),
	(41, 1, 13, 3, 15, '2019-10-15 22:23:30', NULL),
	(42, 1, 14, 3, 25, '2019-10-15 22:23:51', NULL),
	(43, 4, 1, 3, 0, '2019-10-29 20:59:47', NULL),
	(44, 4, 2, 3, 0, '2019-10-29 20:59:48', NULL),
	(45, 4, 3, 3, 0, '2019-10-29 20:59:48', NULL),
	(46, 4, 4, 3, 0, '2019-10-29 20:59:49', NULL),
	(47, 4, 5, 3, 0, '2019-10-29 20:59:50', NULL),
	(48, 4, 6, 3, 0, '2019-10-29 20:59:51', NULL),
	(49, 4, 7, 3, 0, '2019-10-29 20:59:51', NULL),
	(50, 4, 8, 3, 0, '2019-10-29 20:59:52', NULL),
	(51, 4, 9, 3, 0, '2019-10-29 20:59:53', NULL),
	(52, 4, 10, 3, 0, '2019-10-29 20:59:54', NULL),
	(53, 4, 11, 3, 0, '2019-10-29 20:59:55', NULL),
	(54, 4, 12, 3, 0, '2019-10-29 20:59:56', NULL),
	(55, 4, 13, 3, 0, '2019-10-29 20:59:56', NULL),
	(56, 4, 14, 3, 0, '2019-10-29 20:59:57', NULL),
	(57, 5, 1, 3, 0, '2019-10-29 20:59:58', NULL),
	(58, 5, 2, 3, 0, '2019-10-29 21:00:02', NULL),
	(59, 5, 3, 3, 0, '2019-10-29 21:00:03', NULL),
	(60, 5, 4, 3, 0, '2019-10-29 21:00:04', NULL),
	(61, 5, 5, 3, 0, '2019-10-29 21:00:05', NULL),
	(62, 5, 6, 3, 0, '2019-10-29 21:00:06', NULL),
	(63, 5, 7, 3, 0, '2019-10-29 21:00:06', NULL),
	(64, 5, 8, 3, 0, '2019-10-29 21:00:07', NULL),
	(65, 5, 9, 3, 0, '2019-10-29 21:00:08', NULL),
	(66, 5, 10, 3, 0, '2019-10-29 21:00:09', NULL),
	(67, 5, 11, 3, 0, '2019-10-29 21:00:11', NULL),
	(68, 5, 12, 3, 0, '2019-10-29 21:00:12', NULL),
	(69, 5, 13, 3, 0, '2019-10-29 21:00:13', NULL),
	(70, 5, 14, 3, 0, '2019-10-29 21:00:14', NULL),
	(71, 6, 1, 2, 10, '2019-10-29 21:00:15', NULL),
	(72, 6, 2, 2, 50, '2019-10-29 21:00:15', NULL),
	(73, 6, 3, 2, 60, '2019-10-29 21:00:16', NULL),
	(74, 6, 4, 2, 0, '2019-10-29 21:00:17', NULL),
	(75, 6, 5, 2, 0, '2019-10-29 21:00:17', NULL),
	(76, 6, 6, 2, 0, '2019-10-29 21:00:18', NULL),
	(77, 6, 7, 2, 0, '2019-10-29 21:00:19', NULL),
	(78, 6, 8, 2, 0, NULL, NULL),
	(79, 6, 9, 2, 0, NULL, NULL),
	(80, 6, 10, 2, 0, NULL, NULL),
	(81, 6, 11, 2, 0, NULL, NULL),
	(82, 6, 12, 2, 0, NULL, NULL),
	(83, 6, 13, 2, 0, NULL, NULL),
	(84, 6, 14, 2, 0, NULL, NULL),
	(85, 7, 1, 1, 6, NULL, NULL),
	(86, 7, 2, 1, 7, NULL, NULL),
	(87, 7, 3, 1, 10, NULL, NULL),
	(88, 7, 4, 1, 15, NULL, NULL),
	(89, 7, 5, 1, 18, NULL, NULL),
	(90, 7, 6, 1, 18, NULL, NULL),
	(91, 7, 7, 1, 18, NULL, NULL),
	(92, 7, 8, 1, 15, NULL, NULL),
	(93, 7, 9, 1, 10, NULL, NULL),
	(94, 7, 10, 1, 4, NULL, NULL),
	(95, 7, 11, 1, 4, NULL, NULL),
	(96, 7, 12, 1, 0, NULL, NULL),
	(97, 7, 13, 1, 0, NULL, NULL),
	(98, 7, 14, 1, 0, NULL, NULL);
/*!40000 ALTER TABLE `inventaire_article_magasin` ENABLE KEYS */;

-- Dumping structure for table app_commerciale.ligne_commande
CREATE TABLE IF NOT EXISTS `ligne_commande` (
  `LC_ID` int(11) NOT NULL AUTO_INCREMENT,
  `LC_VENTE_ID` int(11) DEFAULT '0',
  `LC_ARTICLE_ID` int(11) DEFAULT '0',
  `LC_MONTANT` int(11) DEFAULT '0',
  `LC_REMISE` int(11) DEFAULT '0',
  `LC_QUANTITE` int(11) DEFAULT '0',
  `LC_CREATED` datetime DEFAULT CURRENT_TIMESTAMP,
  `LC_UPDATED` datetime DEFAULT CURRENT_TIMESTAMP ON UPDATE CURRENT_TIMESTAMP,
  PRIMARY KEY (`LC_ID`)
) ENGINE=InnoDB AUTO_INCREMENT=78 DEFAULT CHARSET=latin1;

-- Dumping data for table app_commerciale.ligne_commande: ~77 rows (approximately)
/*!40000 ALTER TABLE `ligne_commande` DISABLE KEYS */;
REPLACE INTO `ligne_commande` (`LC_ID`, `LC_VENTE_ID`, `LC_ARTICLE_ID`, `LC_MONTANT`, `LC_REMISE`, `LC_QUANTITE`, `LC_CREATED`, `LC_UPDATED`) VALUES
	(1, 17, 2, 5558, 500, 555, NULL, NULL),
	(2, 18, 2, 500, 100, 7855, NULL, NULL),
	(3, 19, 2, 58000, 200, 522, NULL, NULL),
	(4, 20, 2, 8500, 250, 50, NULL, NULL),
	(5, 20, 1, 55000, 250, 5, NULL, NULL),
	(6, 21, 2, 10000, 200, 12, '2019-10-02 16:14:05', '2019-10-02 16:14:05'),
	(7, 22, 2, 5000, 200, 15, '2019-10-02 16:20:47', '2019-10-02 16:20:47'),
	(8, 22, 1, 4500, 200, 12, '2019-10-02 16:20:47', '2019-10-02 16:20:47'),
	(9, 23, 2, 3500, 200, 5, '2019-10-02 16:31:04', '2019-10-02 16:31:04'),
	(10, 23, 1, 2000, 250, 50, '2019-10-02 16:31:04', '2019-10-02 16:31:04'),
	(11, 24, 2, 50000, 200, 2, '2019-10-02 16:34:24', '2019-10-02 16:34:24'),
	(12, 25, 2, 9500, 200, 24, '2019-10-02 16:41:31', '2019-10-02 16:41:31'),
	(13, 26, 1, 25000, 300, 4, '2019-10-02 16:46:41', '2019-10-02 16:46:41'),
	(14, 27, 2, 8000, 350, 5, '2019-10-02 17:00:58', '2019-10-02 17:00:58'),
	(15, 28, 1, 5000, 200, 6, '2019-10-02 17:02:05', '2019-10-02 17:02:05'),
	(16, 29, 2, 3500, 200, 7, '2019-10-02 17:10:35', '2019-10-02 17:10:35'),
	(17, 30, 1, 80000, 350, 5, '2019-10-02 19:20:42', '2019-10-02 19:20:42'),
	(18, 30, 2, 85000, 300, 50, '2019-10-02 19:20:42', '2019-10-02 19:20:42'),
	(19, 31, 2, 25000, 200, 47, '2019-10-02 19:21:41', '2019-10-02 19:21:41'),
	(20, 32, 2, 2000, 100, 5, '2019-10-02 19:24:23', '2019-10-02 19:24:23'),
	(21, 33, 1, 20000, 200, 5, '2019-10-02 19:26:35', '2019-10-02 19:26:35'),
	(22, 33, 2, 25000, 200, 4, '2019-10-02 19:26:35', '2019-10-02 19:26:35'),
	(23, 34, 2, 50000, 200, 50, '2019-10-02 19:27:09', '2019-10-02 19:27:09'),
	(24, 35, 1, 50000, 200, 50, '2019-10-02 19:28:34', '2019-10-02 19:28:34'),
	(25, 36, 2, 50000, 250, 5, '2019-10-02 19:44:13', '2019-10-02 19:44:13'),
	(26, 37, 1, 50500, 250, 5, '2019-10-02 19:58:16', '2019-10-02 19:58:16'),
	(27, 38, 1, 200, 2, 5, '2019-10-02 19:58:52', '2019-10-02 19:58:52'),
	(28, 39, 2, 92200, 200, 5, '2019-10-02 23:22:31', '2019-10-02 23:22:31'),
	(29, 39, 1, 25500, 200, 7, '2019-10-02 23:22:31', '2019-10-02 23:22:31'),
	(30, 40, 2, 5000, 200, 8, '2019-10-03 17:18:46', '2019-10-03 17:18:46'),
	(31, 41, 2, 500, 200, 8, '2019-10-03 17:20:42', '2019-10-03 17:20:42'),
	(32, 42, 2, 50000, 200, 8, '2019-10-03 17:34:07', '2019-10-03 17:34:07'),
	(33, 43, 2, 50000, 1000, 8, '2019-10-03 17:35:53', '2019-10-03 17:35:53'),
	(34, 44, 2, 50000, 500, 5, '2019-10-03 18:48:21', '2019-10-03 18:48:21'),
	(35, 45, 1, 7500, 300, 5, '2019-10-03 18:48:42', '2019-10-03 18:48:42'),
	(36, 46, 1, 40000, 2500, 5, '2019-10-03 19:03:23', '2019-10-03 19:03:23'),
	(37, 47, 2, 80000, 250, 5, '2019-10-03 19:03:45', '2019-10-03 19:03:45'),
	(38, 48, 2, 800000, 5000, 5, '2019-10-03 19:20:06', '2019-10-03 19:20:06'),
	(39, 49, 2, 5000, 200, 25, '2019-10-04 09:59:59', '2019-10-04 09:59:59'),
	(40, 50, 2, 2500, 150, 500, '2019-10-04 13:46:02', '2019-10-04 13:46:02'),
	(41, 51, 2, 8500, 200, 52, '2019-10-04 13:56:01', '2019-10-04 13:56:01'),
	(42, 52, 2, 22200, 200, 50, '2019-10-04 13:57:23', '2019-10-04 13:57:23'),
	(43, 53, 2, 4000, 200, 6, '2019-10-04 14:12:32', '2019-10-04 14:12:32'),
	(44, 54, 1, 5000, 200, 8, '2019-10-04 14:14:07', '2019-10-04 14:14:07'),
	(45, 55, 1, 5000, 200, 8, '2019-10-04 21:21:22', '2019-10-04 21:21:22'),
	(46, 56, 1, 50000, 1500, 8, '2019-10-04 21:22:11', '2019-10-04 21:22:11'),
	(47, 57, 2, 500, 0, 8, '2019-10-04 21:25:23', '2019-10-04 21:25:23'),
	(48, 58, 1, 50000, 200, 52, '2019-10-04 21:25:43', '2019-10-04 21:25:43'),
	(49, 59, 1, 5000, 200, 8, '2019-10-04 21:27:04', '2019-10-04 21:27:04'),
	(50, 60, 2, 30, 1, 55, '2019-10-04 21:27:51', '2019-10-04 21:27:51'),
	(51, 61, 1, 25000, 200, 5, '2019-10-04 22:19:43', '2019-10-04 22:19:43'),
	(52, 62, 1, 50000, 200, 8, '2019-10-04 22:20:15', '2019-10-04 22:20:15'),
	(53, 63, 1, 90000, 200, 8, '2019-10-04 23:19:26', '2019-10-04 23:19:26'),
	(54, 64, 1, 80000, 1000, 5, '2019-10-04 23:20:54', '2019-10-04 23:20:54'),
	(55, 65, 9, 5000, 200, 25, '2019-10-09 16:27:08', '2019-10-09 16:27:08'),
	(56, 65, 14, 500, 20, 2, '2019-10-09 16:27:08', '2019-10-09 16:27:08'),
	(57, 67, 5, 50000, 0, 5, '2019-10-09 22:00:23', '2019-10-09 22:00:23'),
	(58, 67, 14, 45000, 200, 10, '2019-10-09 22:00:23', '2019-10-09 22:00:23'),
	(59, 69, 7, 50000, 200, 50, '2019-10-10 05:56:56', '2019-10-10 05:56:56'),
	(60, 69, 4, 15000, 0, 45, '2019-10-10 05:56:56', '2019-10-10 05:56:56'),
	(61, 70, 13, 50000, 0, 5, '2019-10-11 11:05:22', '2019-10-11 11:05:22'),
	(62, 70, 4, 30000, 0, 7, '2019-10-11 11:05:22', '2019-10-11 11:05:22'),
	(63, 71, 9, 50000, 1000, 5, '2019-10-11 12:55:31', '2019-10-11 12:55:31'),
	(64, 71, 14, 40000, 1000, 5, '2019-10-11 12:55:31', '2019-10-11 12:55:31'),
	(65, 72, 5, 10000, 0, 5, '2019-10-11 15:33:11', '2019-10-11 15:33:11'),
	(66, 72, 7, 250000, 0, 7, '2019-10-11 15:33:11', '2019-10-11 15:33:11'),
	(67, 74, 2, 5000, 200, 6, '2019-10-19 05:19:28', '2019-10-19 05:19:28'),
	(68, 75, 9, 5000, 200, 5, '2019-10-19 05:20:00', '2019-10-19 05:20:00'),
	(69, 76, 13, 5000, 200, 5, '2019-10-19 05:23:41', '2019-10-19 05:23:41'),
	(70, 77, 5, 5000, 200, 8, '2019-10-19 05:30:41', '2019-10-19 05:30:41'),
	(71, 78, 13, 5000, 200, 5, '2019-10-19 05:33:15', '2019-10-19 05:33:15'),
	(72, 79, 9, 5000, 200, 5, '2019-10-19 05:39:30', '2019-10-19 05:39:30'),
	(73, 80, 13, 5, 5, 8, '2019-10-19 06:18:49', '2019-10-19 06:18:49'),
	(74, 80, 13, 5, 5, 8, '2019-10-19 06:18:49', '2019-10-19 06:18:49'),
	(75, 81, 2, 5200, 200, 522, '2019-10-19 06:22:38', '2019-10-19 06:22:38'),
	(76, 82, 2, 4, 4, 4, '2019-10-19 06:28:43', '2019-10-19 06:28:43'),
	(77, 83, 2, 5, 5, 5, '2019-10-19 06:40:42', '2019-10-19 06:40:42');
/*!40000 ALTER TABLE `ligne_commande` ENABLE KEYS */;

-- Dumping structure for table app_commerciale.ligne_commande_achat
CREATE TABLE IF NOT EXISTS `ligne_commande_achat` (
  `LCA_ID` int(11) NOT NULL AUTO_INCREMENT,
  `LCA_ACHAT_ID` int(11) DEFAULT '0',
  `LCA_ARTICLE_ID` int(11) DEFAULT '0',
  `LCA_MONTANT` int(11) DEFAULT '0',
  `LCA_REMISE` int(11) DEFAULT '0',
  `LCA_QUANTITE` int(11) DEFAULT '0',
  `LCA_CREATED` datetime DEFAULT CURRENT_TIMESTAMP,
  `LCA_UPDATED` datetime DEFAULT CURRENT_TIMESTAMP ON UPDATE CURRENT_TIMESTAMP,
  PRIMARY KEY (`LCA_ID`)
) ENGINE=InnoDB AUTO_INCREMENT=6 DEFAULT CHARSET=latin1;

-- Dumping data for table app_commerciale.ligne_commande_achat: ~5 rows (approximately)
/*!40000 ALTER TABLE `ligne_commande_achat` DISABLE KEYS */;
REPLACE INTO `ligne_commande_achat` (`LCA_ID`, `LCA_ACHAT_ID`, `LCA_ARTICLE_ID`, `LCA_MONTANT`, `LCA_REMISE`, `LCA_QUANTITE`, `LCA_CREATED`, `LCA_UPDATED`) VALUES
	(1, 3, NULL, NULL, NULL, NULL, '2019-10-12 09:08:39', '2019-10-12 09:08:39'),
	(2, 4, 13, 50000, 0, 5, '2019-10-12 09:10:07', '2019-10-12 09:10:07'),
	(3, 5, 2, 4500, 450, 5, '2019-10-19 21:57:27', '2019-10-19 21:57:27'),
	(4, 6, 2, 11000, 0, 5, '2019-10-28 21:53:32', '2019-10-28 21:53:32'),
	(5, 6, 5, 11000, 0, 500, '2019-10-28 21:53:32', '2019-10-28 21:53:32');
/*!40000 ALTER TABLE `ligne_commande_achat` ENABLE KEYS */;

-- Dumping structure for table app_commerciale.login_attempts
CREATE TABLE IF NOT EXISTS `login_attempts` (
  `id` int(11) unsigned NOT NULL AUTO_INCREMENT,
  `ip_address` varchar(15) NOT NULL,
  `login` varchar(100) NOT NULL,
  `time` int(11) unsigned DEFAULT NULL,
  PRIMARY KEY (`id`)
) ENGINE=InnoDB DEFAULT CHARSET=utf8;

-- Dumping data for table app_commerciale.login_attempts: ~0 rows (approximately)
/*!40000 ALTER TABLE `login_attempts` DISABLE KEYS */;
/*!40000 ALTER TABLE `login_attempts` ENABLE KEYS */;

-- Dumping structure for table app_commerciale.magasin
CREATE TABLE IF NOT EXISTS `magasin` (
  `MAG_ID` int(11) NOT NULL AUTO_INCREMENT,
  `MAG_NOM` varchar(100) NOT NULL,
  `MAG_LIEU` varchar(50) NOT NULL,
  `MAG_TELEPHONE` varchar(50) NOT NULL,
  PRIMARY KEY (`MAG_ID`)
) ENGINE=InnoDB AUTO_INCREMENT=4 DEFAULT CHARSET=latin1;

-- Dumping data for table app_commerciale.magasin: ~3 rows (approximately)
/*!40000 ALTER TABLE `magasin` DISABLE KEYS */;
REPLACE INTO `magasin` (`MAG_ID`, `MAG_NOM`, `MAG_LIEU`, `MAG_TELEPHONE`) VALUES
	(1, 'ADAWLATO', 'ADAWLATO', ''),
	(2, 'BON PASTEUR', 'BON PASTEUR', ''),
	(3, 'CONTENEUR', 'CONTENEUR', '');
/*!40000 ALTER TABLE `magasin` ENABLE KEYS */;

-- Dumping structure for table app_commerciale.mode_paiement
CREATE TABLE IF NOT EXISTS `mode_paiement` (
  `MOD_ID` int(11) NOT NULL AUTO_INCREMENT,
  `MOD_DESIGNATION` varchar(50) DEFAULT NULL,
  PRIMARY KEY (`MOD_ID`)
) ENGINE=InnoDB DEFAULT CHARSET=latin1;

-- Dumping data for table app_commerciale.mode_paiement: ~0 rows (approximately)
/*!40000 ALTER TABLE `mode_paiement` DISABLE KEYS */;
/*!40000 ALTER TABLE `mode_paiement` ENABLE KEYS */;

-- Dumping structure for view app_commerciale.pdf_invoice_report
-- Creating temporary table to overcome VIEW dependency errors
CREATE TABLE `pdf_invoice_report` (
	`CLI_NOM` VARCHAR(100) NULL COLLATE 'latin1_swedish_ci',
	`CLI_PRENOM` VARCHAR(50) NULL COLLATE 'latin1_swedish_ci',
	`VEN_CODE` VARCHAR(50) NULL COLLATE 'latin1_swedish_ci'
) ENGINE=MyISAM;

-- Dumping structure for table app_commerciale.reglement
CREATE TABLE IF NOT EXISTS `reglement` (
  `REG_ID` int(11) NOT NULL AUTO_INCREMENT,
  `REG_CODE` varchar(50) DEFAULT NULL,
  `REG_VENTE_ID` int(11) DEFAULT NULL,
  `REG_MONTANT` int(11) DEFAULT NULL,
  `REG_CREATED` datetime DEFAULT CURRENT_TIMESTAMP,
  `REG_RESTE` int(11) DEFAULT NULL,
  `REG_UPDATED` datetime DEFAULT CURRENT_TIMESTAMP ON UPDATE CURRENT_TIMESTAMP,
  `REG_COMMENT` text,
  PRIMARY KEY (`REG_ID`)
) ENGINE=InnoDB AUTO_INCREMENT=8 DEFAULT CHARSET=latin1;

-- Dumping data for table app_commerciale.reglement: ~7 rows (approximately)
/*!40000 ALTER TABLE `reglement` DISABLE KEYS */;
REPLACE INTO `reglement` (`REG_ID`, `REG_CODE`, `REG_VENTE_ID`, `REG_MONTANT`, `REG_CREATED`, `REG_RESTE`, `REG_UPDATED`, `REG_COMMENT`) VALUES
	(1, NULL, 35, 5000, '2019-10-09 07:42:23', NULL, '2019-10-09 11:31:20', NULL),
	(2, NULL, 35, 5000, '2019-10-09 07:48:42', NULL, '2019-10-09 11:31:24', NULL),
	(3, NULL, 29, 10000, '2019-10-09 10:37:56', NULL, '2019-10-09 11:31:27', NULL),
	(4, NULL, 67, 600000, '2019-10-09 22:08:08', NULL, '2019-10-09 22:08:08', NULL),
	(5, NULL, 69, 3000000, '2019-10-10 05:57:44', NULL, '2019-10-10 05:57:44', NULL),
	(6, NULL, 35, 100000, '2019-10-11 10:54:02', NULL, '2019-10-11 10:54:02', NULL),
	(7, NULL, 70, 200000, '2019-10-11 11:06:25', NULL, '2019-10-11 11:06:25', NULL);
/*!40000 ALTER TABLE `reglement` ENABLE KEYS */;

-- Dumping structure for table app_commerciale.reglement_achat
CREATE TABLE IF NOT EXISTS `reglement_achat` (
  `REG_ID` int(11) NOT NULL AUTO_INCREMENT,
  `REG_CODE` varchar(50) DEFAULT NULL,
  `REG_ACHAT_ID` int(11) DEFAULT NULL,
  `REG_MONTANT` int(11) DEFAULT NULL,
  `REG_CREATED` datetime DEFAULT CURRENT_TIMESTAMP,
  `REG_RESTE` int(11) DEFAULT NULL,
  `REG_UPDATED` datetime DEFAULT CURRENT_TIMESTAMP ON UPDATE CURRENT_TIMESTAMP,
  `REG_COMMENT` text,
  PRIMARY KEY (`REG_ID`)
) ENGINE=InnoDB AUTO_INCREMENT=2 DEFAULT CHARSET=latin1;

-- Dumping data for table app_commerciale.reglement_achat: ~0 rows (approximately)
/*!40000 ALTER TABLE `reglement_achat` DISABLE KEYS */;
REPLACE INTO `reglement_achat` (`REG_ID`, `REG_CODE`, `REG_ACHAT_ID`, `REG_MONTANT`, `REG_CREATED`, `REG_RESTE`, `REG_UPDATED`, `REG_COMMENT`) VALUES
	(1, NULL, 6, 3000000, '2019-10-28 21:54:57', NULL, '2019-10-28 21:54:57', NULL);
/*!40000 ALTER TABLE `reglement_achat` ENABLE KEYS */;

-- Dumping structure for table app_commerciale.transfert
CREATE TABLE IF NOT EXISTS `transfert` (
  `TRANS_ID` int(11) DEFAULT NULL,
  `TRANS_MAG1_ID` int(11) DEFAULT NULL,
  `TRANS_MAG2_ID` int(11) DEFAULT NULL
) ENGINE=MyISAM DEFAULT CHARSET=latin1;

-- Dumping data for table app_commerciale.transfert: 0 rows
/*!40000 ALTER TABLE `transfert` DISABLE KEYS */;
/*!40000 ALTER TABLE `transfert` ENABLE KEYS */;

-- Dumping structure for table app_commerciale.transfert_article
CREATE TABLE IF NOT EXISTS `transfert_article` (
  `TAM_CATEG_ID` int(11) DEFAULT NULL,
  `TAM_MAG1_ID` int(11) DEFAULT NULL,
  `TAM_MAG2_ID` int(11) DEFAULT NULL,
  `TAM_QUANTITE` int(11) DEFAULT NULL,
  `TAM_CREATED` varchar(50) DEFAULT NULL,
  `TAM_TRANS_ID` int(11) DEFAULT NULL
) ENGINE=MyISAM DEFAULT CHARSET=latin1;

-- Dumping data for table app_commerciale.transfert_article: 0 rows
/*!40000 ALTER TABLE `transfert_article` DISABLE KEYS */;
/*!40000 ALTER TABLE `transfert_article` ENABLE KEYS */;

-- Dumping structure for table app_commerciale.unitevente
CREATE TABLE IF NOT EXISTS `unitevente` (
  `UN_ID` int(11) NOT NULL AUTO_INCREMENT,
  `UN_CODE` varchar(20) DEFAULT NULL,
  `UN_DESIGNATION` varchar(50) DEFAULT NULL,
  PRIMARY KEY (`UN_ID`)
) ENGINE=InnoDB AUTO_INCREMENT=3 DEFAULT CHARSET=latin1;

-- Dumping data for table app_commerciale.unitevente: ~2 rows (approximately)
/*!40000 ALTER TABLE `unitevente` DISABLE KEYS */;
REPLACE INTO `unitevente` (`UN_ID`, `UN_CODE`, `UN_DESIGNATION`) VALUES
	(1, 'PI', 'PIECE'),
	(2, 'BA', 'BALLE');
/*!40000 ALTER TABLE `unitevente` ENABLE KEYS */;

-- Dumping structure for table app_commerciale.vente
CREATE TABLE IF NOT EXISTS `vente` (
  `VEN_ID` int(11) NOT NULL AUTO_INCREMENT,
  `VEN_CODE` varchar(50) DEFAULT NULL,
  `VEN_CLI` int(11) DEFAULT NULL,
  `VEN_COMMENT` text,
  `VEN_MONTANT_TOTAL` int(11) DEFAULT NULL,
  `VEN_CREATED` timestamp NULL DEFAULT CURRENT_TIMESTAMP ON UPDATE CURRENT_TIMESTAMP,
  `VEN_REMISE` int(11) DEFAULT NULL,
  `VEN_TRASHED` int(11) DEFAULT NULL,
  `VEN_A_PAYER` int(11) DEFAULT NULL,
  `VEN_MAGASIN` int(11) DEFAULT NULL,
  KEY `PRIMARY_KEY` (`VEN_ID`)
) ENGINE=InnoDB AUTO_INCREMENT=84 DEFAULT CHARSET=latin1;

-- Dumping data for table app_commerciale.vente: ~68 rows (approximately)
/*!40000 ALTER TABLE `vente` DISABLE KEYS */;
REPLACE INTO `vente` (`VEN_ID`, `VEN_CODE`, `VEN_CLI`, `VEN_COMMENT`, `VEN_MONTANT_TOTAL`, `VEN_CREATED`, `VEN_REMISE`, `VEN_TRASHED`, `VEN_A_PAYER`, `VEN_MAGASIN`) VALUES
	(2, NULL, 1, NULL, 65000, '2019-10-18 22:04:58', 3500, 0, 61500, 1),
	(17, NULL, 1, NULL, 3084690, '2019-10-18 22:05:00', 277500, 0, 2807190, 1),
	(18, NULL, 3, NULL, 3927500, '2019-10-18 22:05:01', 785500, 0, 3142000, 1),
	(19, NULL, 3, NULL, 30276000, '2019-10-18 22:05:03', 104400, 0, 30171600, 1),
	(20, NULL, 1, NULL, 700000, '2019-10-18 22:05:04', 13750, 0, 686250, 1),
	(21, NULL, 3, NULL, 120000, '2019-10-18 22:05:06', 2400, 0, 117600, 1),
	(22, NULL, 1, NULL, 129000, '2019-10-07 15:14:40', 5400, 0, 123600, NULL),
	(23, NULL, 1, NULL, 117500, '2019-10-07 15:14:41', 13500, 0, 104000, NULL),
	(24, NULL, 1, NULL, 100000, '2019-10-07 15:14:42', 400, 0, 99600, NULL),
	(25, NULL, 3, NULL, 228000, '2019-10-07 15:14:43', 4800, 0, 223200, NULL),
	(26, NULL, 3, NULL, 100000, '2019-10-07 15:14:44', 1200, 0, 98800, NULL),
	(27, NULL, 1, NULL, 40000, '2019-10-07 15:14:45', 1750, 0, 38250, NULL),
	(28, NULL, 3, NULL, 30000, '2019-10-07 15:14:46', 1200, 0, 28800, NULL),
	(29, NULL, 1, NULL, 24500, '2019-10-07 15:14:05', 1400, 0, 23100, NULL),
	(30, NULL, 3, NULL, 4650000, '2019-10-07 15:14:32', 16750, 0, 4633250, NULL),
	(31, NULL, 1, NULL, 1175000, '2019-10-07 15:14:30', 9400, 0, 1165600, NULL),
	(32, NULL, 1, NULL, 10000, '2019-10-07 15:14:28', 500, 0, 9500, NULL),
	(33, NULL, 1, NULL, 200000, '2019-10-07 15:14:29', 1800, 0, 198200, NULL),
	(34, NULL, 3, NULL, 2500000, '2019-10-07 15:14:28', 10000, 0, 2490000, NULL),
	(35, NULL, 1, NULL, 2500000, '2019-10-07 15:14:27', 10000, 0, 2490000, NULL),
	(36, NULL, 1, NULL, 250000, '2019-10-07 15:14:26', 1250, 0, 248750, NULL),
	(37, NULL, 1, NULL, 252500, '2019-10-07 15:14:25', 1250, 0, 251250, NULL),
	(38, NULL, 1, NULL, 1000, '2019-10-07 15:14:24', 10, 0, 990, NULL),
	(39, NULL, 3, NULL, 639500, '2019-10-07 15:14:23', 2400, 0, 637100, NULL),
	(40, NULL, 1, NULL, 40000, '2019-10-07 15:14:21', 1600, 0, 38400, NULL),
	(41, NULL, 1, NULL, 4000, '2019-10-07 15:14:20', 1600, 0, 2400, NULL),
	(42, NULL, 1, NULL, 400000, '2019-10-07 15:14:19', 1600, 0, 398400, NULL),
	(43, NULL, 3, NULL, 400000, '2019-10-07 15:14:18', 8000, 0, 392000, NULL),
	(44, NULL, 1, NULL, 250000, '2019-10-07 15:14:17', 2500, 0, 247500, NULL),
	(45, NULL, 3, NULL, 37500, '2019-10-07 15:14:16', 1500, 0, 36000, NULL),
	(46, NULL, 1, NULL, 200000, '2019-10-07 15:14:15', 12500, 0, 187500, NULL),
	(47, NULL, 1, NULL, 400000, '2019-10-07 15:14:14', 1250, 0, 398750, NULL),
	(48, NULL, 1, NULL, 4000000, '2019-10-07 15:02:04', 25000, 0, 3975000, NULL),
	(49, NULL, 3, NULL, 125000, '0000-00-00 00:00:00', 5000, 0, 120000, NULL),
	(50, NULL, 1, NULL, 1250000, '2019-10-07 15:14:34', 75000, 0, 1175000, NULL),
	(51, NULL, 1, NULL, 442000, '2019-10-07 15:14:34', 10400, 0, 431600, NULL),
	(52, NULL, 2, NULL, 1110000, '2019-10-07 15:14:34', 10000, 0, 1100000, NULL),
	(53, NULL, 3, NULL, 24000, '2019-10-07 15:14:34', 1200, 0, 22800, NULL),
	(54, NULL, 3, NULL, 40000, '2019-10-07 15:14:34', 1600, 0, 38400, NULL),
	(55, NULL, 3, NULL, 40000, '2019-10-07 15:14:34', 1600, 0, 38400, NULL),
	(56, NULL, 3, NULL, 400000, '2019-10-07 15:14:34', 12000, 0, 388000, NULL),
	(57, NULL, 2, NULL, 4000, '2019-10-07 15:14:34', 0, 0, 4000, NULL),
	(58, NULL, 3, NULL, 2600000, '2019-10-07 15:14:34', 10400, 0, 2589600, NULL),
	(59, NULL, 1, NULL, 40000, '2019-10-07 15:14:34', 1600, 0, 38400, NULL),
	(60, NULL, 3, NULL, 1650, '2019-10-07 15:14:34', 55, 0, 1595, NULL),
	(61, NULL, 3, NULL, 125000, '2019-10-07 15:14:34', 1000, 0, 124000, NULL),
	(62, NULL, 2, NULL, 400000, '2019-10-07 15:14:34', 1600, 0, 398400, NULL),
	(63, NULL, 1, NULL, 720000, '2019-10-07 15:14:34', 1600, 0, 718400, NULL),
	(64, NULL, 3, NULL, 400000, '2019-10-07 15:14:34', 5000, 0, 395000, NULL),
	(65, NULL, 3, NULL, 126000, '2019-10-09 16:27:08', 5040, NULL, 120960, NULL),
	(66, NULL, 0, NULL, 0, '2019-10-09 19:39:15', 0, NULL, 0, NULL),
	(67, NULL, 1, NULL, 700000, '2019-10-09 22:00:23', 2000, NULL, 698000, NULL),
	(68, NULL, NULL, NULL, NULL, '2019-10-09 22:29:32', NULL, NULL, NULL, NULL),
	(69, NULL, 6, NULL, 3175000, '2019-10-10 05:56:56', 10000, NULL, 3165000, NULL),
	(70, NULL, 3, NULL, 460000, '2019-10-11 11:05:22', 0, NULL, 460000, NULL),
	(71, NULL, 6, NULL, 450000, '2019-10-11 12:55:31', 10000, NULL, 440000, NULL),
	(72, NULL, 5, NULL, 1800000, '2019-10-11 15:33:10', 0, NULL, 1800000, NULL),
	(73, NULL, NULL, NULL, NULL, '2019-10-12 08:59:09', NULL, NULL, NULL, NULL),
	(74, NULL, 6, NULL, 30000, '2019-10-19 05:27:00', 1200, NULL, 28800, NULL),
	(75, NULL, 6, NULL, 25000, '2019-10-19 05:27:03', 1000, NULL, 24000, NULL),
	(76, NULL, 6, NULL, 25000, '2019-10-19 05:27:05', 1000, NULL, 24000, NULL),
	(77, NULL, NULL, NULL, 40000, '2019-10-19 05:30:41', 1600, NULL, 38400, NULL),
	(78, NULL, NULL, NULL, 25000, '2019-10-19 05:33:15', 1000, NULL, 24000, NULL),
	(79, NULL, NULL, NULL, 25000, '2019-10-19 05:39:30', 1000, NULL, 24000, NULL),
	(80, NULL, 6, NULL, 80, '2019-10-19 06:18:49', 80, NULL, 0, 2),
	(81, NULL, 6, NULL, 2714400, '2019-10-19 06:22:38', 104400, NULL, 2610000, 2),
	(82, NULL, 0, NULL, 16, '2019-10-19 06:28:43', 16, NULL, 0, 0),
	(83, NULL, 6, NULL, 25, '2019-10-19 06:40:42', 25, NULL, 0, 2);
/*!40000 ALTER TABLE `vente` ENABLE KEYS */;

-- Dumping structure for view app_commerciale.view_achat
-- Creating temporary table to overcome VIEW dependency errors
CREATE TABLE `view_achat` (
	`ACH_ID` INT(11) NOT NULL,
	`FOURN_NOM` VARCHAR(100) NULL COLLATE 'latin1_swedish_ci',
	`FOURN_PRENOM` VARCHAR(50) NULL COLLATE 'latin1_swedish_ci',
	`ACH_CREATED` TIMESTAMP NULL,
	`ACH_REMISE` INT(11) NULL,
	`ACH_A_PAYER` INT(11) NULL,
	`ACH_PAYE` DECIMAL(32,0) NULL
) ENGINE=MyISAM;

-- Dumping structure for view app_commerciale.view_categorie_quantite
-- Creating temporary table to overcome VIEW dependency errors
CREATE TABLE `view_categorie_quantite` (
	`CATEG_DESIGNATION` VARCHAR(100) NULL COLLATE 'latin1_swedish_ci',
	`IAM_MAG_ID` INT(11) NULL,
	`IAM_QUANTITE` INT(11) NULL
) ENGINE=MyISAM;

-- Dumping structure for view app_commerciale.view_vente
-- Creating temporary table to overcome VIEW dependency errors
CREATE TABLE `view_vente` (
	`VEN_ID` INT(11) NOT NULL,
	`CLI_ID` INT(11) NOT NULL,
	`CLI_NOM` VARCHAR(100) NULL COLLATE 'latin1_swedish_ci',
	`CLI_PRENOM` VARCHAR(50) NULL COLLATE 'latin1_swedish_ci',
	`VEN_CREATED` TIMESTAMP NULL,
	`VEN_REMISE` INT(11) NULL,
	`VEN_A_PAYER` INT(11) NULL,
	`VEN_PAYE` DECIMAL(32,0) NULL
) ENGINE=MyISAM;

-- Dumping structure for view app_commerciale.article_view
-- Removing temporary table and create final VIEW structure
DROP TABLE IF EXISTS `article_view`;
CREATE ALGORITHM=UNDEFINED DEFINER=`root`@`localhost` SQL SECURITY DEFINER VIEW `article_view` AS select `article`.`AR_ID` AS `ID`,`article`.`AR_DESIGNATION` AS `DESIGNATION`,`article`.`AR_CODE` AS `CODE`,`article`.`AR_PRIX_UNITAIRE` AS `PRIX_UNITAIRE`,`categorie`.`CATEG_CODE` AS `CODE_CATEGORIE` from (`article` left join `categorie` on((`article`.`AR_CATEGORIE` = `categorie`.`CATEG_ID`)));

-- Dumping structure for view app_commerciale.client_view
-- Removing temporary table and create final VIEW structure
DROP TABLE IF EXISTS `client_view`;
CREATE ALGORITHM=UNDEFINED DEFINER=`root`@`localhost` SQL SECURITY DEFINER VIEW `client_view` AS select `client`.`CLI_ID` AS `CLI_ID`,`client`.`CLI_NOM` AS `CLI_NOM`,`client`.`CLI_PRENOM` AS `CLI_PRENOM`,`client`.`CLI_CREATED` AS `CLI_CREATED`,`client`.`CLI_TEL1` AS `CLI_TEL1`,`client`.`CLI_WHATSAPP` AS `CLI_WHATSAPP`,replace(format(sum(`vente`.`VEN_MONTANT_TOTAL`),0),',',' ') AS `VENTE_TOTALE`,replace(format(sum(`reglement`.`REG_MONTANT`),0),',',' ') AS `REGLEMENT_TOTAL`,replace(format((sum(`vente`.`VEN_MONTANT_TOTAL`) - sum(`reglement`.`REG_MONTANT`)),0),',',' ') AS `RESTE_TOTAL` from ((`client` left join `vente` on((`client`.`CLI_ID` = `vente`.`VEN_CLI`))) left join `reglement` on((`vente`.`VEN_ID` = `reglement`.`REG_VENTE_ID`))) group by `client`.`CLI_NOM`,`client`.`CLI_PRENOM`,`client`.`CLI_CREATED`;

-- Dumping structure for view app_commerciale.fournisseur_view
-- Removing temporary table and create final VIEW structure
DROP TABLE IF EXISTS `fournisseur_view`;
CREATE ALGORITHM=UNDEFINED DEFINER=`root`@`localhost` SQL SECURITY DEFINER VIEW `fournisseur_view` AS select `fournisseur`.`FOURN_ID` AS `FOURN_ID`,`fournisseur`.`FOURN_NOM` AS `FOURN_NOM`,`fournisseur`.`FOURN_PRENOM` AS `FOURN_PRENOM`,`fournisseur`.`FOURN_CREATED` AS `FOURN_CREATED`,`fournisseur`.`FOURN_TEL1` AS `FOURN_TEL1`,`fournisseur`.`FOURN_WHATSAPP` AS `FOURN_WHATSAPP`,replace(format(sum(`achat`.`ACH_MONTANT_TOTAL`),0),',',' ') AS `ACHAT_TOTAL`,replace(format(sum(`reglement_achat`.`REG_MONTANT`),0),',',' ') AS `REGLEMENT_TOTAL`,replace(format((sum(`achat`.`ACH_MONTANT_TOTAL`) - sum(`reglement_achat`.`REG_MONTANT`)),0),',',' ') AS `RESTE_TOTAL` from ((`fournisseur` left join `achat` on((`fournisseur`.`FOURN_ID` = `achat`.`ACH_FOURN`))) left join `reglement_achat` on((`achat`.`ACH_ID` = `reglement_achat`.`REG_ACHAT_ID`))) group by `fournisseur`.`FOURN_NOM`,`fournisseur`.`FOURN_PRENOM`,`fournisseur`.`FOURN_CREATED`;

-- Dumping structure for view app_commerciale.pdf_invoice_report
-- Removing temporary table and create final VIEW structure
DROP TABLE IF EXISTS `pdf_invoice_report`;
CREATE ALGORITHM=UNDEFINED DEFINER=`root`@`localhost` SQL SECURITY DEFINER VIEW `pdf_invoice_report` AS select `client`.`CLI_NOM` AS `CLI_NOM`,`client`.`CLI_PRENOM` AS `CLI_PRENOM`,`vente`.`VEN_CODE` AS `VEN_CODE` from ((`vente` join `client` on((`vente`.`VEN_CLI` = `client`.`CLI_ID`))) join `ligne_commande` on((`vente`.`VEN_ID` = `ligne_commande`.`LC_VENTE_ID`)));

-- Dumping structure for view app_commerciale.view_achat
-- Removing temporary table and create final VIEW structure
DROP TABLE IF EXISTS `view_achat`;
CREATE ALGORITHM=UNDEFINED DEFINER=`root`@`localhost` SQL SECURITY DEFINER VIEW `view_achat` AS select `achat`.`ACH_ID` AS `ACH_ID`,`fournisseur`.`FOURN_NOM` AS `FOURN_NOM`,`fournisseur`.`FOURN_PRENOM` AS `FOURN_PRENOM`,`achat`.`ACH_CREATED` AS `ACH_CREATED`,`achat`.`ACH_REMISE` AS `ACH_REMISE`,`achat`.`ACH_A_PAYER` AS `ACH_A_PAYER`,sum(`reglement_achat`.`REG_MONTANT`) AS `ACH_PAYE` from ((`achat` join `fournisseur` on((`fournisseur`.`FOURN_ID` = `achat`.`ACH_FOURN`))) left join `reglement_achat` on((`achat`.`ACH_ID` = `reglement_achat`.`REG_ACHAT_ID`))) group by `achat`.`ACH_ID`,`fournisseur`.`FOURN_NOM`,`fournisseur`.`FOURN_PRENOM`,`achat`.`ACH_CREATED`,`achat`.`ACH_REMISE`,`achat`.`ACH_A_PAYER` order by `achat`.`ACH_CREATED` desc;

-- Dumping structure for view app_commerciale.view_categorie_quantite
-- Removing temporary table and create final VIEW structure
DROP TABLE IF EXISTS `view_categorie_quantite`;
CREATE ALGORITHM=UNDEFINED DEFINER=`root`@`localhost` SQL SECURITY DEFINER VIEW `view_categorie_quantite` AS select `categorie`.`CATEG_DESIGNATION` AS `CATEG_DESIGNATION`,`inventaire_article_magasin`.`IAM_MAG_ID` AS `IAM_MAG_ID`,`inventaire_article_magasin`.`IAM_QUANTITE` AS `IAM_QUANTITE` from ((`categorie` left join `inventaire_article_magasin` on((`categorie`.`CATEG_ID` = `inventaire_article_magasin`.`IAM_CATEG_ID`))) left join `inventaire` on((`inventaire`.`INV_ID` = `inventaire_article_magasin`.`IAM_INVENTAIRE_ID`))) where (`inventaire`.`INV_ID` = (select max(`inventaire`.`INV_ID`) from `inventaire`));

-- Dumping structure for view app_commerciale.view_vente
-- Removing temporary table and create final VIEW structure
DROP TABLE IF EXISTS `view_vente`;
CREATE ALGORITHM=UNDEFINED DEFINER=`root`@`localhost` SQL SECURITY DEFINER VIEW `view_vente` AS select `vente`.`VEN_ID` AS `VEN_ID`,`client`.`CLI_ID` AS `CLI_ID`,`client`.`CLI_NOM` AS `CLI_NOM`,`client`.`CLI_PRENOM` AS `CLI_PRENOM`,`vente`.`VEN_CREATED` AS `VEN_CREATED`,`vente`.`VEN_REMISE` AS `VEN_REMISE`,`vente`.`VEN_A_PAYER` AS `VEN_A_PAYER`,sum(`reglement`.`REG_MONTANT`) AS `VEN_PAYE` from ((`vente` join `client` on((`client`.`CLI_ID` = `vente`.`VEN_CLI`))) left join `reglement` on((`vente`.`VEN_ID` = `reglement`.`REG_VENTE_ID`))) group by `vente`.`VEN_ID`,`client`.`CLI_NOM`,`client`.`CLI_ID`,`client`.`CLI_PRENOM`,`vente`.`VEN_CREATED`,`vente`.`VEN_REMISE`,`vente`.`VEN_A_PAYER` order by `vente`.`VEN_CREATED` desc;

/*!40101 SET SQL_MODE=IFNULL(@OLD_SQL_MODE, '') */;
/*!40014 SET FOREIGN_KEY_CHECKS=IF(@OLD_FOREIGN_KEY_CHECKS IS NULL, 1, @OLD_FOREIGN_KEY_CHECKS) */;
/*!40101 SET CHARACTER_SET_CLIENT=@OLD_CHARACTER_SET_CLIENT */;
